session_id;PROLIFIC_PID;status;started_datetime;completed_date_time;time_taken;age;num_approvals;num_rejections;prolific_score;reviewed_at_datetime;entered_code;Country of Birth;Current Country of Residence;Employment Status;First Language;Fluent languages;Nationality;Sex;Student Status
60acce34ebd2f28d3c07476f;566feba6b937e400052d33b2;APPROVED;2021-05-25 10:18:17.562000;2021-05-25 10:36:51.973000;1.114.411;39;2188;13;100;2021-05-28 10:35:06.178000;51867BAD;United Kingdom;United Kingdom;Full-Time;English;English;United Kingdom;Male;No
60ace87fc33e03c28c0cfd9e;571b3de05d40840013c49f3a;APPROVED;2021-05-25 12:07:40.458000;2021-05-25 12:22:24.292000;883.834;32;1105;8;100;2021-05-28 10:35:14.328000;51867BAD;United Kingdom;United Kingdom;Other;English;English, Chinese;United Kingdom;Female;
60acc80cfd69af96df22b727;57c426fa9fe51d00012391f1;APPROVED;2021-05-25 09:55:29.899000;2021-05-25 10:19:21.978000;1.432.079;56;1008;11;99;2021-05-28 10:35:35.066000;51867BAD;United Kingdom;United Kingdom;Not in paid work (e.g. homemaker', 'retired or disabled);English;English;United Kingdom;Female;No
60acc8daaf3fd1397c509442;587dffdf43773c0001cb0813;APPROVED;2021-05-25 09:52:46.249000;2021-05-25 10:16:59.976000;1.453.727;30;427;2;100;2021-05-28 10:35:43.242000;51867BAD;Poland;Poland;Full-Time;Polish;English, Polish;Poland;Male;No
60acd6a4cc489f371213a34a;58905562670d6600012bda4b;APPROVED;2021-05-25 10:51:26.247000;2021-05-25 11:09:57.125000;1.110.878;47;461;2;100;2021-05-28 10:35:54.835000;51867BAD;Spain;Spain;Full-Time;Spanish;English, Spanish;Spain;Male;No
60ace888d27ce7a875e54115;5927ee603497ad00010171c2;APPROVED;2021-05-25 12:09:05.256000;2021-05-25 12:30:02.326000;1257.07;38;805;13;98;2021-05-28 10:36:06.344000;51867BAD;United Kingdom;United Kingdom;Part-Time;English;English;United Kingdom;Female;No
60acb9e50b8a66c9b3c02961;595bb42745265c000166d399;APPROVED;2021-05-25 08:48:39.618000;2021-05-28 11:08:12.035000;267.572.417;31;649;6;100;2021-05-28 11:08:12.311000;Manual Completion;United Kingdom;United Kingdom;Not in paid work (e.g. homemaker', 'retired or disabled);English;English;United Kingdom;Female;Yes
60acc91123679201e60ead73;5985bb33fd8cca00015cb957;APPROVED;2021-05-25 09:53:21.065000;2021-05-25 10:11:57.360000;1.116.295;22;158;2;100;2021-05-28 10:36:20.402000;51867BAD;Bosnia and Herzegovina;United Kingdom;Other;Croatian;English, Croatian, Arabic;United Kingdom;Female;Yes
60acbc7366f095f6b74a1212;59a0521a6da1d30001c31444;APPROVED;2021-05-25 08:59:31.445000;2021-05-25 09:18:47.761000;1.156.316;24;157;1;100;2021-05-28 10:36:28.762000;51867BAD;Estonia;Estonia;Part-Time;Estonian;English, Estonian;Estonia;Male;Yes
60acd6cc8c92dc374dc877f9;59b636b3180e830001575d2a;APPROVED;2021-05-25 10:53:51.461000;2021-05-25 11:17:14.911000;1403.45;30;501;2;100;2021-05-28 10:36:54.866000;51867BAD;Italy;Italy;Full-Time;Italian;English, Spanish, French, Italian;Italy;Female;No
60acc8aab7c04eb2a656baae;59d8ef5a498aef0001d6fe2d;APPROVED;2021-05-25 09:52:26.321000;2021-05-25 10:14:10.794000;1.304.473;31;459;0;100;2021-05-28 10:37:36.943000;51867BAD;United Kingdom;United Kingdom;Unemployed (and job seeking);English;English;United Kingdom;Female;No
60acd69f6844469ca381bac1;59dc924bbe399f0001e495f2;APPROVED;2021-05-25 10:51:13.658000;2021-05-25 11:17:55.503000;1.601.845;51;727;10;98;2021-05-28 10:37:58.160000;51867BAD;United Kingdom;United Kingdom;Part-Time;English;English;United Kingdom;Female;No
60ace1141dae7ae47ad4b95d;59e773565de9b000017ed296;APPROVED;2021-05-25 11:35:53.940000;2021-05-25 11:58:53.718000;1.379.778;55;770;2;100;2021-05-28 10:38:06.021000;51867BAD;United Kingdom;United Kingdom;Part-Time;English;English;United Kingdom;Female;No
60acad2859bdd03b719bb131;5a35353bc82921000136b546;APPROVED;2021-05-25 07:55:32.465000;2021-05-25 08:12:00.924000;988.459;22;33;0;100;2021-05-28 10:38:15.233000;51867BAD;Belgium;Belgium;Unemployed (and job seeking);Dutch;French, Dutch, English;Belgium;Male;Yes
60abbcbd82ff7e930419cefd;5a5ca1b18e62590001761060;APPROVED;2021-05-24 14:48:32.508000;2021-05-24 15:10:14.396000;1.301.888;32;68;1;100;2021-05-24 17:25:59.622000;51867BAD;India;France;Full-Time;English;Hindi, English, Bengali;India;Male;No
60ace0ed6ea5d5b0a3b7dbb2;5a9ea9fe1ade740001b92063;APPROVED;2021-05-25 11:36:10.900000;2021-05-25 11:54:12.037000;1.081.137;47;453;3;100;2021-05-28 10:38:23.897000;51867BAD;United Kingdom;United Kingdom;Not in paid work (e.g. homemaker', 'retired or disabled);English;English;United Kingdom;Female;No
60acbcbfd10cb9a58e1b5a0d;5ad8a1b1c0332a0001ec6bec;APPROVED;2021-05-25 09:01:49.644000;2021-05-25 09:19:30.290000;1.060.646;28;401;0;100;2021-05-28 10:38:33.028000;51867BAD;United Kingdom;United Kingdom;Full-Time;English;English;United Kingdom;Female;No
60ace8912c7a871a5fb7cd26;5b421b9ac2e3810001763252;APPROVED;2021-05-25 12:07:45.739000;2021-05-25 12:27:51.508000;1.205.769;33;677;2;100;2021-05-28 10:38:45.889000;51867BAD;United Kingdom;United Kingdom;Part-Time;English;English;United Kingdom;Female;No
60acbd394ed55d52ae426577;5b5327573234ab00014cabd3;APPROVED;2021-05-25 09:05:55.542000;2021-05-25 09:31:45.163000;1.549.621;28;191;1;100;2021-05-28 10:38:58.767000;51867BAD;United Kingdom;United Kingdom;Not in paid work (e.g. homemaker', 'retired or disabled);English;English;United Kingdom;Female;Yes
60ace8b598a9f65a20ec71ef;5b5e0e86902ad10001cfcc59;APPROVED;2021-05-25 12:08:24.191000;2021-05-25 12:57:25.228000;2.941.037;36;765;2;100;2021-05-28 10:39:12.054000;51867BAD;United Kingdom;United Kingdom;Part-Time;English;English;United Kingdom;Female;No
60acca413ef12de9057ad737;5b82d4fda284bc000193094c;APPROVED;2021-05-25 09:59:36.422000;2021-05-25 10:23:18.775000;1.422.353;30;731;6;99;2021-05-28 10:39:20.973000;51867BAD;United Kingdom;United Kingdom;Full-Time;English;English;United Kingdom;Male;No
60acd6249688e76208dff18f;5b9bb0fde43a4800019b52b5;APPROVED;2021-05-25 10:49:11.767000;2021-05-25 11:20:31.955000;1.880.188;64;316;2;99;2021-05-28 10:39:32.009000;51867BAD;India;United Kingdom;Not in paid work (e.g. homemaker', 'retired or disabled);Urdu;English;United Kingdom;Female;No
60acc82e9f71bbfa349b08c0;5ba8a1d2c16a9c0001497a21;APPROVED;2021-05-25 09:50:05.759000;2021-05-25 10:10:51.624000;1.245.865;29;340;1;100;2021-05-28 10:39:39.950000;51867BAD;Belgium;Belgium;Full-Time;Dutch;English, Dutch, French;Belgium;Male;No
60acc80b5eef2a0cd8a6753b;5baa0fd76460a30001304884;APPROVED;2021-05-25 09:48:59.421000;2021-05-25 10:10:21.256000;1.281.835;40;377;3;100;2021-05-28 10:39:53.820000;51867BAD;United Kingdom;United Kingdom;Full-Time;English;English;United Kingdom;Male;No
60ace6813a4f682ec3b57940;5be0662dea836b0001e9870f;APPROVED;2021-05-25 11:59:37.021000;2021-05-25 12:15:34.256000;957.235;42;672;2;100;2021-05-28 10:40:01.023000;51867BAD;United Kingdom;United Kingdom;Not in paid work (e.g. homemaker', 'retired or disabled);English;English;United Kingdom;Female;No
60ace8a0fdbb1d23c9ef915b;5be221f2445f1e0001f860f1;APPROVED;2021-05-25 12:08:00.914000;2021-05-25 12:25:46.873000;1.065.959;23;204;1;100;2021-05-28 10:40:08.232000;51867BAD;Latvia;Latvia;Full-Time;Latvian;Latvian, English;Latvia;Female;Yes
60acc7fad88505f4f8f31322;5bfbf9b5d888320001435109;APPROVED;2021-05-25 09:51:29.580000;2021-05-25 10:15:36.863000;1.447.283;45;143;0;100;2021-05-28 10:40:15.492000;51867BAD;United Kingdom;United Kingdom;Part-Time;English;English;United Kingdom;Female;No
60acc947d377204236f8c553;5c014f0c1a20110001e92756;APPROVED;2021-05-25 09:54:19.013000;2021-05-25 10:15:24.684000;1.265.671;51;298;2;100;2021-05-28 10:40:22.962000;51867BAD;United Kingdom;United Kingdom;Full-Time;English;English;United Kingdom;Male;No
60acbd68e816118a246bcb2f;5c083bf7133f8700012f74fe;APPROVED;2021-05-25 09:03:43.972000;2021-05-25 09:25:38.702000;1314.73;44;458;1;100;2021-05-28 10:40:37.887000;51867BAD;United Kingdom;United Kingdom;Not in paid work (e.g. homemaker', 'retired or disabled);English;English;United Kingdom;Female;No
60acc845eddd15886df1c259;5c364ce2ba92810001db13e8;APPROVED;2021-05-25 09:54:37.096000;2021-05-25 10:15:17.424000;1.240.328;57;644;1;100;2021-05-28 10:40:51.111000;51867BAD;United Kingdom;United Kingdom;Part-Time;English;English;United Kingdom;Male;No
60acc93fd15f5af721928547;5c435c2a3526c80001fc932c;APPROVED;2021-05-25 09:54:31.083000;2021-05-25 10:18:05.460000;1.414.377;22;500;0;100;2021-05-28 10:41:02.247000;51867BAD;United Kingdom;United Kingdom;Unemployed (and job seeking);English;English;United Kingdom;Male;No
60acd8bce5bcd4059ac93bfe;5c50a48b92acd60001b26b56;APPROVED;2021-05-25 11:00:14.486000;2021-05-25 11:34:21.426000;2046.94;39;70;0;100;2021-05-28 10:41:11.237000;51867BAD;Austria;Austria;Other;Arabic;English, German;Austria;Female;No
60ace0ff2f40d03602be33d2;5c5b55ce32810e0001c3456b;APPROVED;2021-05-25 11:35:30.781000;2021-05-25 11:55:13.099000;1.182.318;53;478;3;100;2021-05-28 10:41:18.826000;51867BAD;United Kingdom;United Kingdom;Full-Time;English;English, Czech;United Kingdom;Male;No
60acd65b40ed59d76cb2109b;5c5d36bc034e280001644c3b;APPROVED;2021-05-25 10:50:07.436000;2021-05-25 11:13:25.471000;1.398.035;52;769;11;98;2021-05-28 10:42:09.895000;51867BAD;Zimbabwe;United Kingdom;Full-Time;English;English;United Kingdom;Female;No
60acc8d6f8bf44a07947b6ab;5c60501d767686000100150c;APPROVED;2021-05-25 09:52:25.397000;2021-05-25 10:12:21.155000;1.195.758;52;669;3;100;2021-05-28 10:42:18.614000;51867BAD;United Kingdom;United Kingdom;Not in paid work (e.g. homemaker', 'retired or disabled);English;English;United Kingdom;Female;No
60acc94e1da0a03132e8f2b2;5c6bc7a15028140001710963;APPROVED;2021-05-25 09:54:25.054000;2021-05-25 10:19:02.844000;1477.79;32;89;1;100;2021-05-28 10:42:25.923000;51867BAD;Poland;United Kingdom;Full-Time;Polish;Polish, Spanish, English;Poland;Female;No
60acd656d4b295a55a79e53c;5c921106b788a2000170709f;APPROVED;2021-05-25 10:49:58.432000;2021-05-25 11:09:25.684000;1.167.252;39;571;1;100;2021-05-28 10:42:34.583000;51867BAD;United Kingdom;United Kingdom;Not in paid work (e.g. homemaker', 'retired or disabled);English;English;United Kingdom;Male;Yes
60acd60a14b4e8e39a6f4b0b;5c92cc7915223f0001b8ef5f;APPROVED;2021-05-25 10:48:42.805000;2021-05-25 11:03:14.870000;872.065;23;269;0;100;2021-05-28 10:42:59.579000;51867BAD;Malaysia;United Kingdom;Unemployed (and job seeking);Malay;English, Malay;Malaysia;Female;Yes
60acd68861f5cea41920a016;5c9536793ae6fe0015ad8f0b;APPROVED;2021-05-25 10:50:50.186000;2021-05-25 11:08:58.088000;1.087.902;24;141;3;98;2021-05-28 10:43:06.467000;51867BAD;Greece;Greece;Unemployed (and job seeking);Greek;Greek, English;Greece;Male;Yes
60acd63e06dfc9c2f91748b5;5c992ba54c66db0014f7777b;APPROVED;2021-05-25 10:50:03.786000;2021-05-25 11:14:34.397000;1.470.611;27;169;3;99;2021-05-28 10:43:16.231000;51867BAD;Greece;Greece;Full-Time;Greek;Greek, English, Spanish;Greece;Female;No
60acc950111ffc9b0f9b5874;5cb237be9d908d000120453a;APPROVED;2021-05-25 09:54:34.052000;2021-05-25 10:13:58.576000;1.164.524;52;728;1;100;2021-05-28 10:43:26.331000;51867BAD;United Kingdom;United Kingdom;Full-Time;English;English;United Kingdom;Male;No
60ace8befdc9aa5bad506b4c;5cb4f4ec46ed130001d15b05;APPROVED;2021-05-25 12:09:34.507000;2021-05-25 12:39:45.486000;1.810.979;53;597;8;98;2021-05-28 10:43:36.140000;51867BAD;United Kingdom;United Kingdom;Not in paid work (e.g. homemaker', 'retired or disabled);English;English;United Kingdom;Female;No
60ace0be2b28787a84f8a2ba;5cc06e622413ca0017f2cdd8;APPROVED;2021-05-25 11:36:13.195000;2021-05-25 11:53:49.464000;1.056.269;58;117;1;100;2021-05-28 10:43:42.902000;51867BAD;United Kingdom;United Kingdom;Not in paid work (e.g. homemaker', 'retired or disabled);DATA EXPIRED;English;United Kingdom;Female;No
60acc805926ee0a3659abc00;5ced66139b5b490001b688ed;APPROVED;2021-05-25 09:48:56.887000;2021-05-25 10:11:33.490000;1.356.603;45;489;3;100;2021-05-28 10:43:48.094000;51867BAD;United Kingdom;United Kingdom;Part-Time;English;English;United Kingdom;Female;No
60acac5cf2b6d4a6ce034a9f;5cf13e7f89db9a0001aa488e;APPROVED;2021-05-25 07:50:52.596000;2021-05-25 08:22:47.343000;1.914.747;45;110;2;99;2021-05-28 10:43:56.178000;51867BAD;United Kingdom;United Kingdom;Full-Time;English;English;United Kingdom;Male;No
60ace0c5dd251e9cf3ea809c;5d15c3c6a69a620018adaeaa;APPROVED;2021-05-25 11:34:34.202000;2021-05-25 11:50:44.864000;970.662;30;454;6;98;2021-05-28 10:44:01.415000;51867BAD;United Kingdom;United Kingdom;Full-Time;English;English;United Kingdom;Female;No
60ace8bb1a0222116f972c63;5d1d30b2cc65b3000162d993;APPROVED;2021-05-25 12:08:47.518000;2021-05-25 12:27:05.894000;1.098.376;24;133;0;100;2021-05-28 10:44:07.159000;51867BAD;United Kingdom;United Kingdom;Unemployed (and job seeking);English;English;United Kingdom;Male;No
60ace0c999ad84dd3bc0d55b;5d1e501e755c59001709a785;APPROVED;2021-05-25 11:34:33.613000;2021-05-25 11:49:49.457000;915.844;30;174;4;98;2021-05-28 10:44:12.814000;51867BAD;Portugal;Portugal;Part-Time;Portuguese;English, Portuguese;Portugal;Male;No
60acea742fae7b7b41573d96;5d20c6d5b1e50a001c19e622;APPROVED;2021-05-25 12:16:14.174000;2021-05-25 12:36:24.149000;1.209.975;57;452;1;100;2021-05-28 10:44:17.861000;51867BAD;United Kingdom;United Kingdom;Part-Time;English;English;United Kingdom;Female;No
60acadcda631a8cd5739a16c;5d30eb1a18d10b001813369e;APPROVED;2021-05-25 07:57:04.078000;2021-05-25 08:14:01.113000;1.017.035;24;113;2;99;2021-05-28 10:44:22.894000;51867BAD;Belgium;Belgium;Part-Time;French;French, English, German;Belgium;Female;Yes
60acc8fad377204236f8c54d;5d380e7c0322fd0018f3f9cd;APPROVED;2021-05-25 09:53:07.506000;2021-05-25 10:19:40.265000;1.592.759;28;23;0;100;2021-05-28 10:44:32.647000;51867BAD;United Kingdom;United Kingdom;Full-Time;;English;United Kingdom;Female;No
60ace8ae1a1677f1fcc19f0f;5d38c3f6778895001a3f414d;APPROVED;2021-05-25 12:08:17.955000;2021-05-25 12:48:29.519000;2.411.564;35;147;1;99;2021-05-28 10:44:39.330000;51867BAD;Romania;United Kingdom;Full-Time;Romanian;English, Romanian;Romania;Female;No
60acd679ec9c887b919829dd;5d488bfffef71c001ad8c079;APPROVED;2021-05-25 10:50:37.024000;2021-05-25 11:15:20.696000;1.483.672;30;122;0;100;2021-05-28 10:44:49.989000;51867BAD;United Kingdom;United Kingdom;Full-Time;English;English;United Kingdom;Male;No
60ace8c83063513eb5024c46;5d6ad36076cca6001a66d89e;APPROVED;2021-05-25 12:09:04.859000;2021-05-25 12:31:39.821000;1.354.962;47;596;1;100;2021-05-28 10:44:57.128000;51867BAD;United Kingdom;United Kingdom;Full-Time;English;English;United Kingdom;Male;No
60acd6d172005f551d686be8;5d753206869c8f0001b358dd;APPROVED;2021-05-25 10:52:04.272000;2021-05-25 11:11:29.743000;1.165.471;37;78;0;100;2021-05-28 10:45:04.847000;51867BAD;United Kingdom;United Kingdom;Part-Time;English;English;United Kingdom;Female;No
60ace8b57b14b50b2cf78595;5d87a74208667b0001eff922;APPROVED;2021-05-25 12:08:43.165000;2021-05-25 12:31:51.499000;1.388.334;51;635;4;100;2021-05-28 10:45:12.078000;51867BAD;United Kingdom;United Kingdom;Full-Time;English;English;United Kingdom;Male;No
60ace0f53ba7b0efe947d785;5d8c9182bc22d700191aef2b;APPROVED;2021-05-25 11:35:39.097000;2021-05-25 11:59:05.968000;1.406.871;38;246;1;100;2021-05-28 10:45:22.932000;51867BAD;Greece;Greece;Full-Time;Greek;Greek, English, Italian;Greece;Male;No
60ace0e87dcf3ef95c76d6d9;5d9ce7004c63af0016e58b8e;APPROVED;2021-05-25 11:35:07.449000;2021-05-25 11:55:00.438000;1.192.989;30;133;3;99;2021-05-28 10:45:39.960000;51867BAD;United Kingdom;United Kingdom;Not in paid work (e.g. homemaker', 'retired or disabled);English;English;United Kingdom;Female;No
60acd645c1ff44aaf2ab2e63;5db6ec97d9b41d000b2464eb;APPROVED;2021-05-25 10:49:41.750000;2021-05-25 11:15:01.061000;1.519.311;35;280;0;100;2021-05-28 10:45:50.466000;51867BAD;Turkey;United Kingdom;Part-Time;Turkish;Turkish, English;Turkey;Female;Yes
60ace89851096a9ae3b09ab0;5db9877aee6f57000b1487c5;APPROVED;2021-05-25 12:07:52.166000;2021-05-25 12:31:16.908000;1.404.742;31;101;2;99;2021-05-28 10:46:10.349000;51867BAD;Portugal;Netherlands;Full-Time;Portuguese;English, Dutch, Portuguese, Spanish;Portugal;Male;No
60ace0ff8cc8d8d5a8521028;5dbd96bc80dbee2c71a8c9d6;APPROVED;2021-05-25 11:35:38.196000;2021-05-25 11:54:32.585000;1.134.389;24;479;0;100;2021-05-28 10:46:16.843000;51867BAD;United Kingdom;United Kingdom;Not in paid work (e.g. homemaker', 'retired or disabled);English;English;United Kingdom;Female;No
60acb3f20b40f096de6b1c63;5dd6a775e426bd627cb2a7f3;APPROVED;2021-05-25 08:23:33.319000;2021-05-25 08:43:36.442000;1.203.123;21;142;0;100;2021-05-28 10:46:25.085000;51867BAD;Poland;Poland;Unemployed (and job seeking);Polish;Polish, English, German;Poland;Female;Yes
60acd65849a12efc72dda0ff;5ddd631f063ebd000dbe0687;APPROVED;2021-05-25 10:50:11.648000;2021-05-25 11:42:44.827000;3.153.179;35;507;2;100;2021-05-28 10:46:32.186000;51867BAD;Bulgaria;United Kingdom;Full-Time;Bulgarian;Bulgarian, English, Russian, German;United Kingdom;Male;No
60abbdb7b034de4b0f624ac6;5deb9d5503356528d65d6bbb;APPROVED;2021-05-24 14:52:39.526000;2021-05-24 15:14:12.422000;1.292.896;20;145;0;100;2021-05-24 17:30:17.543000;51867BAD;Italy;Italy;DATA EXPIRED;Italian;Italian, English;Italy;Male;Yes
60ace0c4fe89ffbf5ad5a0ab;5debdf9af375c62d4876fa39;APPROVED;2021-05-25 11:34:28.281000;2021-05-25 11:53:09.427000;1.121.146;45;404;1;100;2021-05-28 10:46:42.076000;51867BAD;United Kingdom;United Kingdom;Not in paid work (e.g. homemaker', 'retired or disabled);English;English;United Kingdom;Female;No
60acc96bcedbf092292be541;5dfedfbb557425b599c8c523;APPROVED;2021-05-25 09:55:22.564000;2021-05-25 10:16:29.424000;1266.86;52;424;3;100;2021-05-28 10:47:04.964000;51867BAD;United Kingdom;United Kingdom;Part-Time;English;English;United Kingdom;Female;No
60acd701d1fbc89b3fdc20ba;5e22fe5aed7a205b0626f097;APPROVED;2021-05-25 10:52:49.910000;2021-05-25 11:10:54.724000;1.084.814;19;176;1;100;2021-05-28 10:47:19.121000;51867BAD;Poland;Poland;Not in paid work (e.g. homemaker', 'retired or disabled);Polish;Polish, English;Poland;Female;Yes
60ace894078aefd1950d5386;5e2589408688087d9bb4c1bd;APPROVED;2021-05-25 12:08:22.059000;2021-05-25 12:30:47.701000;1.345.642;22;99;2;99;2021-05-28 10:47:24.781000;51867BAD;Spain;United Kingdom;Part-Time;Spanish;English, Spanish;Spain;Female;Yes
60acc7f13ba026615af97b4f;5e277e5b5f39769bacb46101;APPROVED;2021-05-25 09:48:42.631000;2021-05-25 10:17:35.214000;1.732.583;46;328;1;100;2021-05-28 10:47:31.169000;51867BAD;United Kingdom;United Kingdom;Full-Time;English;English;United Kingdom;Female;No
60acd6f0e078350215d81423;5e3723a2c0b2896ad554be73;APPROVED;2021-05-25 10:52:51.465000;2021-05-25 11:19:16.478000;1.585.013;44;480;3;100;2021-05-28 10:47:39.811000;51867BAD;United Kingdom;United Kingdom;Full-Time;English;English;United Kingdom;Female;No
60ace2c8ba3e0a95daf2e989;5e3ff7f1209f97228a6c26a9;APPROVED;2021-05-25 11:43:19.319000;2021-05-25 12:00:09.991000;1.010.672;33;303;0;100;2021-05-28 10:47:46.140000;51867BAD;United Kingdom;United Kingdom;Full-Time;English;English;United Kingdom;Female;No
60acd6fdd771ed3becb3f93c;5e514faa677c10178f72d490;APPROVED;2021-05-25 10:54:36.983000;2021-05-25 11:21:28.762000;1.611.779;31;329;4;99;2021-05-28 10:47:54.048000;51867BAD;United Kingdom;United Kingdom;Part-Time;English;English;United Kingdom;Female;No
60abbd8a63829dd9b783c956;5e555c2280c35054d481ab71;APPROVED;2021-05-24 14:52:07.079000;2021-05-24 15:13:04.081000;1.257.002;23;53;0;100;2021-05-24 17:42:13.670000;51867BAD;Portugal;Portugal;Other;Portuguese;Portuguese, English, Spanish;Portugal;Female;Yes
60acd6f1415a05adcdda3df0;5e5eb2c22e5b4a046a224902;APPROVED;2021-05-25 10:52:33.411000;2021-05-25 11:08:20.525000;947.114;22;79;0;100;2021-05-28 10:48:02.634000;51867BAD;Brazil;Portugal;Other;Portuguese;English, Portuguese, Spanish;Portugal;Female;Yes
60acd689e508746cc7f8659e;5e740451f1e6520f51f3eece;APPROVED;2021-05-25 10:50:59.671000;2021-05-25 11:10:20.105000;1.160.434;46;414;1;100;2021-05-28 10:48:11.532000;51867BAD;United Kingdom;United Kingdom;Part-Time;English;English;United Kingdom;Female;No
60ace85bdda9ab3f52e7f71e;5e765060efdcf71bffa5683f;APPROVED;2021-05-25 12:06:51.783000;2021-05-25 12:35:00.179000;1.688.396;23;263;0;100;2021-05-28 10:48:17.140000;51867BAD;Italy;Italy;Part-Time;Italian;Italian, English;Italy;Male;Yes
60acc95c849aee20c20ba174;5e7c7bf3ca18002bd9cf6eca;APPROVED;2021-05-25 09:54:55.216000;2021-05-25 10:23:28.606000;1713.39;42;361;3;100;2021-05-28 10:48:21.433000;51867BAD;United Kingdom;United Kingdom;Full-Time;English;English;United Kingdom;Male;No
60acc8b49c117325aad6cbf9;5e83247a6d7daf01d9a33632;APPROVED;2021-05-25 09:53:15.161000;2021-05-25 10:21:25.514000;1.690.353;49;337;1;100;2021-05-28 10:48:28.728000;51867BAD;United Kingdom;United Kingdom;Other;English;English;United Kingdom;Female;No
60ace0ae25b8e54fded29686;5e83425144753905a3a17ad8;APPROVED;2021-05-25 11:34:10.390000;2021-05-25 11:54:24.762000;1.214.372;45;370;5;98;2021-05-28 10:48:33.127000;51867BAD;United Kingdom;United Kingdom;Full-Time;English;English;United Kingdom;Male;No
60acadb67c5fb98541b02c7a;5e8783c0890e930b54f7d348;APPROVED;2021-05-25 07:56:56.095000;2021-05-25 08:26:06.586000;1.750.491;20;260;2;100;2021-05-28 10:48:38.179000;51867BAD;Italy;Italy;Other;Italian;English, French, German, Italian, Spanish;Italy;Female;Yes
60acc8968517e6db33108f5f;5e9453153c58a12b7456d560;APPROVED;2021-05-25 09:51:18.669000;2021-05-25 10:17:06.910000;1.548.241;36;151;0;100;2021-05-28 10:48:42.059000;51867BAD;Italy;Italy;Part-Time;Italian;Italian, English;Italy;Male;No
60abbb5a80bd3b666de7d720;5e99d542c8363b0331995d57;APPROVED;2021-05-24 14:43:11.990000;2021-05-24 15:04:16.484000;1.264.494;18;103;0;100;2021-05-24 17:23:20.688000;51867BAD;Poland;Poland;Unemployed (and job seeking);Polish;English, Polish;Poland;Male;Yes
60acd619ecf5c3d82608e07c;5ea0e078e106cc0e69e55f18;APPROVED;2021-05-25 10:56:04.104000;2021-05-25 11:19:13.213000;1.389.109;51;101;0;100;2021-05-28 10:48:49.256000;51867BAD;United Kingdom;United Kingdom;Full-Time;English;English;United Kingdom;Male;No
60acc7c4db58050ecf9b678e;5ea4514c9b066627e297f7bd;APPROVED;2021-05-25 09:48:21.170000;2021-05-25 10:13:34.050000;1512.88;31;256;0;100;2021-05-28 10:49:18.294000;51867BAD;United Kingdom;United Kingdom;Full-Time;English;English;United Kingdom;Female;No
60acc860e2d50684edf922eb;5ea6f14cf0ff0709b0331957;APPROVED;2021-05-25 09:50:24.214000;2021-05-25 10:07:33.228000;1.029.014;24;388;1;100;2021-05-28 10:49:24.160000;51867BAD;United Kingdom;United Kingdom;Part-Time;English;English;United Kingdom;Female;No
60ace8a72c7a871a5fb7cd27;5ea925adf0ff0739ccf94b45;APPROVED;25/05/2021 12:08;2021-05-25 12:32:25.300000;1450.3;62;460;3;100;2021-05-28 10:49:29.232000;51867BAD;United Kingdom;United Kingdom;Other;English;English;United Kingdom;Female;No
60acd62d322f49a951db09ae;5ea95301f1853405e031a30d;APPROVED;2021-05-25 10:49:17.012000;2021-05-25 11:05:42.836000;985.824;30;407;1;100;2021-05-28 10:49:33.861000;51867BAD;United Kingdom;United Kingdom;Full-Time;English;English;United Kingdom;Female;No
60accb4e26eab7a8655f3314;5ea9c475ec2b531108f86a3f;APPROVED;2021-05-25 10:02:54.065000;2021-05-25 10:23:09.904000;1.215.839;31;295;0;100;2021-05-28 10:49:38.423000;51867BAD;United Kingdom;United Kingdom;Full-Time;English;English;United Kingdom;Male;Yes
60abb7c118415b180fb3d3d7;5eabd1acdd8b5e1b78ce375c;APPROVED;2021-05-24 14:27:13.441000;2021-05-24 14:44:57.532000;1.064.091;26;30;0;100;2021-05-24 17:21:06.185000;51867BAD;Italy;Italy;Full-Time;Italian;Italian, English;Italy;Female;Yes
60acbc911caecf57e303632c;5eaeb504b21d400009b756b9;APPROVED;2021-05-25 09:00:23.237000;2021-05-25 09:17:18.353000;1.015.116;18;250;1;100;2021-05-28 10:49:47.857000;51867BAD;United Kingdom;United Kingdom;Unemployed (and job seeking);English;English, French;United Kingdom;Female;Yes
60ace0f4019f6eb0fb328ba3;5eb16a0602af57258fd3f8e1;APPROVED;2021-05-25 11:35:44.466000;2021-05-25 12:00:10.465000;1.465.999;37;343;6;98;2021-05-28 10:49:52.848000;51867BAD;Nigeria;United Kingdom;Full-Time;English;English;United Kingdom;Female;No
60ace0c58db92946fef1528d;5eb2ec84e8373809d7043600;APPROVED;2021-05-25 11:36:43.229000;2021-05-25 11:55:58.832000;1.155.603;40;348;0;100;2021-05-28 10:49:57.499000;51867BAD;United Kingdom;United Kingdom;Part-Time;English;English;United Kingdom;Female;Yes
60ace8ac171deb24bccaa464;5eb7094fbb8ed70b61398cff;APPROVED;2021-05-25 12:08:16.551000;2021-05-25 12:52:00.455000;2.623.904;42;371;1;100;2021-05-28 10:50:05.761000;51867BAD;United Kingdom;United Kingdom;Full-Time;English;English, Polish;United Kingdom;Female;No
60acd61516e45a659271cf0c;5eba5cf82cbf431a3276c90b;APPROVED;2021-05-25 10:48:53.066000;2021-05-25 11:09:58.798000;1.265.732;30;271;1;100;2021-05-28 10:50:11.194000;51867BAD;Bulgaria;United Kingdom;Part-Time;Bulgarian;Bulgarian, English;Bulgaria;Female;No
60ace10638cc20011a0aadf6;5ecd39498bbc5606a3f5ff77;APPROVED;2021-05-25 11:35:36.893000;2021-05-25 11:54:58.019000;1.161.126;22;37;0;100;2021-05-28 10:50:21.180000;51867BAD;Poland;United Kingdom;Unemployed (and job seeking);Polish;English, Polish;Poland;Male;Yes
60acc895e119ffa015792646;5ed2717aec79fd1d3ca47d65;APPROVED;2021-05-25 09:51:19.708000;2021-05-25 10:18:07.673000;1.607.965;56;316;3;100;2021-05-28 11:09:48.005000;51867BAD;United Kingdom;United Kingdom;Part-Time;English;English;United Kingdom;Female;No
60acd5f6d3345f42f01e3885;5edcf3276763349d23ae0c5a;APPROVED;2021-05-25 10:48:22.308000;2021-05-25 11:36:56.936000;2.914.628;34;294;5;98;2021-05-28 11:10:09.826000;51867BAD;United Kingdom;United Kingdom;Full-Time;English;English;United Kingdom;Female;No
60acc89ace590e7ed4fc3092;5ee87d19cccbc7000b143a81;APPROVED;2021-05-25 09:51:22.053000;2021-05-25 10:10:04.717000;1.122.664;50;356;0;100;2021-05-28 11:09:50.446000;51867BAD;United Kingdom;United Kingdom;Not in paid work (e.g. homemaker', 'retired or disabled);English;English;United Kingdom;Male;No
60acc91d92da1ca6dc4703a2;5ef09c84a33a985f3ea9a561;APPROVED;2021-05-25 09:56:08.507000;2021-05-25 10:21:24.456000;1.515.949;25;325;0;100;2021-05-28 11:10:00.311000;51867BAD;United Kingdom;United Kingdom;Unemployed (and job seeking);English;Italian, English;United Kingdom;Male;No
60acd6975d029282998cf7ee;5ef24f45ba594791fb6cb88d;APPROVED;2021-05-25 10:51:03.134000;2021-05-25 11:14:27.203000;1.404.069;35;368;3;100;2021-05-28 11:10:25.929000;51867BAD;Zimbabwe;United Kingdom;Part-Time;English;English;United Kingdom;Female;Yes
60ace0ff11497cc1aa86f7bc;5ef40a3ceb5b661c164551c4;APPROVED;2021-05-25 11:35:27.090000;2021-05-25 11:57:22.981000;1.315.891;21;236;1;100;2021-05-28 11:10:36.342000;51867BAD;Netherlands;United Kingdom;Part-Time;English;English;United Kingdom;Male;No
60acd6372584d10210938ef9;5efdf9e305e06928e1996ad9;APPROVED;2021-05-25 10:49:27.607000;2021-05-25 11:14:41.068000;1.513.461;27;286;1;100;2021-05-28 11:10:19.374000;51867BAD;United Kingdom;United Kingdom;Full-Time;English;English, French, German;United Kingdom;Female;No
60abbd58fe0f7e6f5d3d5b3f;5f031ede4fe9091d04e26389;APPROVED;2021-05-24 14:51:06.460000;2021-05-24 15:13:14.005000;1.327.545;24;49;1;99;2021-05-24 17:29:11.155000;51867BAD;Italy;Italy;Unemployed (and job seeking);Italian;Italian, English;Italy;Female;Yes
60acc8e463b2df56719ba868;5f04d99fac08ac7b22af01be;APPROVED;2021-05-25 09:53:01.188000;2021-05-25 10:15:35.446000;1.354.258;55;309;0;100;2021-05-28 11:09:57.464000;51867BAD;United Kingdom;United Kingdom;Not in paid work (e.g. homemaker', 'retired or disabled);English;English;United Kingdom;Male;No
60acae2dd192321ab6a2106a;5f04e04c6fc1777ca7b04349;APPROVED;2021-05-25 07:58:41.723000;2021-05-25 08:17:39.311000;1.137.588;53;343;0;100;2021-05-28 11:09:24.345000;51867BAD;United Kingdom;United Kingdom;Full-Time;English;English;United Kingdom;Female;No
60ace3869e2cb0d209bf8fef;5f11ac129e9bae048584e875;APPROVED;2021-05-25 11:46:50.664000;2021-05-25 12:05:25.421000;1.114.757;22;151;1;100;2021-05-28 11:10:37.114000;51867BAD;Czech Republic;United Kingdom;Part-Time;Czech;English, Czech;Czech Republic;Female;Yes
60abb858c709be3766c4ca5a;5f1592e40e065a0563e69b6c;APPROVED;2021-05-24 14:29:46.463000;2021-05-24 14:55:18.830000;1.532.367;27;54;0;100;2021-05-24 17:22:38.456000;51867BAD;Latvia;Latvia;Unemployed (and job seeking);Latvian;Latvian, English;Latvia;Female;Yes
60acc7c4adb46c7cd034265b;5f19a19756b453000a79f83b;APPROVED;2021-05-25 09:47:48.645000;2021-05-25 10:19:11.664000;1.883.019;48;194;1;100;2021-05-28 11:09:38.789000;51867BAD;Malawi;United Kingdom;Unemployed (and job seeking);English;English;Malawi;Male;No
60acd6768ae2b8763fee9998;5f19a31716df47000afd57ce;APPROVED;2021-05-25 10:54:22.641000;2021-05-25 11:15:32.156000;1.269.515;54;203;2;99;2021-05-28 11:10:25.322000;51867BAD;United Kingdom;United Kingdom;Full-Time;English;English;United Kingdom;Female;No
60acaec9ede36c4f76f46450;5f19fa0f3e85b20d0336258c;APPROVED;2021-05-25 08:02:29.581000;2021-05-25 08:22:09.977000;1.180.396;19;113;1;100;2021-05-28 11:09:26.136000;51867BAD;Italy;Italy;DATA EXPIRED;Italian;English, French, Italian, Spanish;Italy;Female;Yes
60ace888fdbb1d23c9ef9159;5f29b5074201cc12165ceb76;APPROVED;2021-05-25 12:07:36.444000;2021-05-25 12:25:27.733000;1.071.289;23;64;0;100;2021-05-28 11:10:38.712000;51867BAD;Greece;Greece;Other;Greek;English, French, German, Greek;Greece;Female;Yes
60acd65e7e5da2432ebf6eef;5f3e6a07e06e71069f919082;APPROVED;2021-05-25 10:50:06.026000;2021-05-25 11:09:22.493000;1.156.467;30;356;1;100;2021-05-28 11:10:24.236000;51867BAD;United Kingdom;United Kingdom;Full-Time;DATA EXPIRED;English;United Kingdom;Male;No
60acd64361f5cea41920a014;5f465afff2f28602c7ea8c10;APPROVED;2021-05-25 10:49:41.475000;2021-05-25 11:06:14.559000;993.084;23;239;2;100;2021-05-28 11:10:20.739000;51867BAD;United Kingdom;United Kingdom;Full-Time;DATA EXPIRED;English;United Kingdom;Female;No
60acc87766d6a5db4133e3ec;5f63584d619a4d00080c3237;APPROVED;2021-05-25 09:50:47.397000;2021-05-25 10:08:56.978000;1.089.581;21;118;2;100;2021-05-28 11:09:43.242000;51867BAD;Portugal;Portugal;Due to start a new job within the next month;DATA EXPIRED;English, Portuguese, Italian, German, French, Spanish;Portugal;Male;Yes
60acd6e7b30f1dce4114ce10;5f69981f8715e1181e4ea5d5;APPROVED;2021-05-25 10:53:56.703000;2021-05-25 11:13:09.232000;1.152.529;31;51;0;100;2021-05-28 11:10:27.607000;51867BAD;Italy;Italy;Full-Time;DATA EXPIRED;English, Italian;Italy;Female;Yes
60acc88b00554a2c299b84be;5f69c3f4ab3d0d026b25ae23;APPROVED;2021-05-25 09:51:10.917000;2021-05-25 10:23:54.715000;1.963.798;48;181;1;100;2021-05-28 11:09:45.581000;51867BAD;Ireland;United Kingdom;Full-Time;DATA EXPIRED;English;Ireland;Female;No
60acbcbf101407aa356b9f3d;5f76e2c2c75fa118deba7f46;APPROVED;2021-05-25 09:00:53.312000;2021-05-25 09:22:56.745000;1.323.433;40;61;0;100;2021-05-28 11:09:34.303000;51867BAD;Peru;United Kingdom;Full-Time;DATA EXPIRED;Spanish, English, French;Peru;Male;No
60acac6f8c4452fc0b25259b;5f7760d025023628ce3f4d05;APPROVED;2021-05-25 07:51:11.040000;2021-05-25 08:08:33.294000;1.042.254;48;244;2;99;2021-05-28 11:09:17.592000;51867BAD;United Kingdom;United Kingdom;Other;DATA EXPIRED;English;United Kingdom;Female;No
60acd5f16be6d9abf6ca6e85;5f7afb469e43b9015ef53b9f;APPROVED;2021-05-25 10:48:17.647000;2021-05-25 11:14:22.897000;1565.25;54;190;0;100;2021-05-28 11:10:07.413000;51867BAD;United Kingdom;United Kingdom;Other;DATA EXPIRED;English;United Kingdom;Female;Yes
60acbcf84ed55d52ae426574;5f7dacf490ed75077772ac5b;APPROVED;2021-05-25 09:01:44.684000;2021-05-25 09:46:35.920000;2.691.236;25;214;2;99;2021-05-28 11:09:36.342000;51867BAD;Macao;United Kingdom;Full-Time;DATA EXPIRED;Chinese, English;United Kingdom;Male;No
60acd77d5e234575aa11be20;5f8b3e21f8638825023495db;APPROVED;2021-05-25 10:55:14.825000;2021-05-25 11:21:34.820000;1.579.995;37;46;1;100;2021-05-28 11:10:28.854000;51867BAD;United Kingdom;United Kingdom;Unemployed (and job seeking);;English;United Kingdom;Female;No
60acd7cd5bc2e65e082cf784;5f91b067130f8504520cdd6f;APPROVED;2021-05-25 10:56:16.152000;2021-05-25 11:16:39.850000;1.223.698;26;135;3;98;2021-05-28 11:10:29.591000;51867BAD;Italy;United Kingdom;Full-Time;DATA EXPIRED;Italian, French, English;Italy;Male;Yes
60acd5fa5891b1a2ad28a1e1;5f92f97ed0f407056dfd3268;APPROVED;2021-05-25 10:48:26.433000;2021-05-25 11:11:20.573000;1374.14;27;154;1;100;2021-05-28 11:10:11.333000;51867BAD;France;France;Part-Time;DATA EXPIRED;English, French;France;Male;No
60acd61bea842c2f390f4c9b;5f978a073b6544160389303e;APPROVED;2021-05-25 10:48:59.104000;2021-05-25 11:19:55.034000;1855.93;24;186;0;100;2021-05-28 11:10:17.110000;51867BAD;United Kingdom;United Kingdom;Unemployed (and job seeking);DATA EXPIRED;English;United Kingdom;Male;No
60abcd86c7bc36af5b6580bd;5f983c66dabf130bee4502f7;APPROVED;2021-05-24 16:00:06.625000;2021-05-24 16:27:26.504000;1.639.879;20;90;1;100;2021-05-24 17:30:39.995000;51867BAD;Portugal;Portugal;Other;DATA EXPIRED;Portuguese, English;Portugal;Male;Yes
60acc8b3565bd0162fe30321;5f9beda6ca2b0a000aa360e8;APPROVED;2021-05-25 09:51:47.689000;2021-05-25 10:12:24.403000;1.236.714;29;107;0;100;2021-05-28 11:09:52.934000;51867BAD;Turkey;United Kingdom;Full-Time;DATA EXPIRED;English, Turkish;Turkey;Female;Yes
60abb8479192b2b80e5f3e7c;5fa02b13d2663d0566108977;APPROVED;2021-05-24 14:29:31.311000;2021-05-24 14:49:40.183000;1.208.872;26;14;0;100;2021-05-24 17:21:53.904000;51867BAD;Hungary;Hungary;Part-Time;DATA EXPIRED;English, Hungarian;Hungary;Male;No
60acad96c9dcb33740a7ae11;5fa2b0b5a0ba5e4c859ec520;APPROVED;2021-05-25 08:03:32.720000;2021-05-25 08:26:13.134000;1.360.414;28;162;0;100;2021-05-28 11:09:21.252000;51867BAD;Turkey;United Kingdom;Full-Time;DATA EXPIRED;Turkish, English;Turkey;Female;Yes
60acd6107633131d059190de;5faf92156055b1232afd56b9;APPROVED;2021-05-25 10:48:48.177000;2021-05-25 11:07:03.461000;1.095.284;21;101;0;100;2021-05-28 11:10:14.774000;51867BAD;Poland;Poland;Unemployed (and job seeking);DATA EXPIRED;Polish, English;Poland;Male;Yes
60acc8b48fe59ac1c6b2c9f8;5fb4f8799f1ebc2ead2ea064;APPROVED;2021-05-25 10:01:06.816000;2021-05-25 10:23:04.861000;1.318.045;38;178;1;100;2021-05-28 11:09:54.199000;51867BAD;United Kingdom;United Kingdom;Full-Time;DATA EXPIRED;German, Spanish, English;United Kingdom;Female;No
60ace0ddf980fc3c1761dc4e;5fc0add1954a2256e62c13da;APPROVED;2021-05-25 11:34:53.822000;2021-05-25 12:04:07.992000;1754.17;54;183;1;100;2021-05-28 11:10:33.873000;51867BAD;United Kingdom;United Kingdom;Full-Time;DATA EXPIRED;English;United Kingdom;Male;No
60acb02149421f8d227acef5;5fc504d14fbb6509b40e58f7;APPROVED;2021-05-25 08:07:27.683000;2021-05-25 08:30:41.376000;1.393.693;20;35;0;100;2021-05-28 11:09:27.166000;51867BAD;Poland;Poland;Other;DATA EXPIRED;English, Polish;Poland;Female;Yes
60acd6a3558686b8e6e07657;5fcfb1fe79b8060e0662270a;APPROVED;2021-05-25 10:51:15.806000;2021-05-25 11:18:26.485000;1.630.679;53;147;1;100;2021-05-28 11:10:27.527000;51867BAD;United Kingdom;United Kingdom;Part-Time;DATA EXPIRED;English;United Kingdom;Female;No
60ace0e0d9b0c936a62e582d;5fd8c3991b98c327373b05dc;APPROVED;2021-05-25 11:37:20.249000;2021-05-25 11:55:45.137000;1.104.888;41;96;0;100;2021-05-28 11:10:33.904000;51867BAD;United Kingdom;United Kingdom;Full-Time;;English;United Kingdom;Female;No
60ace0d1bd5a8ae40e262ed6;5fdc7731e766bb1c9b31dc43;APPROVED;2021-05-25 11:35:16.235000;2021-05-25 11:54:46.028000;1.169.793;22;56;0;100;2021-05-28 11:10:32.961000;51867BAD;Poland;Poland;Part-Time;DATA EXPIRED;English, Polish;Poland;Male;Yes
60abbc09a5c42202f6a3d69c;5fddc7e36395d94a8232851a;APPROVED;2021-05-24 14:45:30.795000;2021-05-24 15:03:50.093000;1.099.298;22;32;0;100;2021-05-24 17:24:40.158000;51867BAD;Spain;Spain;Other;;Basque, English, Spanish;Spain;Female;Yes
60ace0eabd5a8ae40e262ed9;5fecf25f2c2ee6a373d61c65;APPROVED;2021-05-25 11:36:25.766000;2021-05-25 11:53:09.777000;1.004.011;20;163;1;100;2021-05-28 11:10:34.901000;51867BAD;United Kingdom;United Kingdom;Part-Time;DATA EXPIRED;English;United Kingdom;Female;Yes
60acc91798d0140ea0ac7489;5ff42a4b5474cda948f1bd95;APPROVED;2021-05-25 09:53:28.923000;2021-05-25 10:14:49.866000;1.280.943;32;145;1;100;2021-05-28 11:09:59.067000;51867BAD;United Kingdom;United Kingdom;Full-Time;DATA EXPIRED;English;United Kingdom;Female;No
60abbbe9a4e86264f7f869c5;5fff63d013799d0920c8192c;APPROVED;2021-05-24 14:44:57.151000;2021-05-24 15:09:32.445000;1.475.294;21;46;0;100;2021-05-24 17:24:01.728000;51867BAD;Poland;Poland;Unemployed (and job seeking);DATA EXPIRED;Polish, English;Poland;Female;Yes
60acc958040031da4e3d77d4;60006e47685b230e101b808f;APPROVED;2021-05-25 09:54:32.743000;2021-05-25 10:18:08.371000;1.415.628;27;76;0;100;2021-05-28 11:10:05.177000;51867BAD;Italy;United Kingdom;Full-Time;DATA EXPIRED;English, French, Italian, Spanish;Italy;Female;Yes
60ace0f664548038e07aa5d2;60042af01e4c4b52c5ee0c01;APPROVED;2021-05-25 11:35:21.404000;2021-05-25 11:55:40.029000;1.218.625;19;65;1;99;2021-05-28 11:10:36.192000;51867BAD;Italy;Italy;Other;;English, Italian, Spanish, French;Italy;Female;Yes
60acdb9e2e7def4bf10a6275;600ad902f5699b01dd02bd1b;APPROVED;2021-05-25 11:12:33.785000;2021-05-25 11:37:24.017000;1.490.232;22;92;2;99;2021-05-28 11:10:30.853000;51867BAD;United Kingdom;United Kingdom;Other;DATA EXPIRED;English;United Kingdom;Female;Yes
60acd64fce03531ad411404c;600dabef200c794ccf854b33;APPROVED;2021-05-25 10:52:28.841000;2021-05-25 11:28:59.737000;2.190.896;24;106;0;100;2021-05-28 11:10:22.876000;51867BAD;United Kingdom;United Kingdom;Part-Time;DATA EXPIRED;English;United Kingdom;Female;Yes
60acbc9d918755d99f8f24a5;600fbd5faa45791bc99e1597;APPROVED;2021-05-25 09:00:13.452000;2021-05-25 09:22:20.017000;1.326.565;32;127;2;100;2021-05-28 11:09:32.193000;51867BAD;United Kingdom;United Kingdom;Full-Time;DATA EXPIRED;English;United Kingdom;Female;No
60acbcdca35bfb3e3c428640;601198eabc31f00e1a48d55a;APPROVED;2021-05-25 09:01:16.739000;2021-05-25 09:19:56.985000;1.120.246;19;44;0;100;2021-05-28 11:09:35.431000;51867BAD;Poland;Poland;Unemployed (and job seeking);DATA EXPIRED;English, Polish;Poland;Male;Yes
60acd6fa060a49b379dfbc2a;6016e00089b4b28acc6bdfd9;APPROVED;2021-05-25 10:52:42.633000;2021-05-25 11:16:44.190000;1.441.557;20;38;1;100;2021-05-28 11:10:28.524000;51867BAD;Poland;Poland;Unemployed (and job seeking);;Polish, English;Poland;Male;Yes
60acd611010d04a8d238a548;60188f5f74e975153e518af0;APPROVED;2021-05-25 10:49:11.487000;2021-05-25 11:19:27.124000;1.815.637;30;126;0;100;2021-05-28 11:10:15.781000;51867BAD;United Kingdom;United Kingdom;Part-Time;DATA EXPIRED;English, Welsh;United Kingdom;Female;No
60acd66a6d425522204fbf82;601a7c931d236c2b6b9c4eb9;APPROVED;2021-05-25 10:50:23.570000;2021-05-25 11:09:22.595000;1.139.025;48;129;2;99;2021-05-28 11:10:24.299000;51867BAD;United Kingdom;United Kingdom;Other;DATA EXPIRED;English;United Kingdom;Female;No
60acc945501ef423b883dba7;601ef22cb13fd83f1f43393e;APPROVED;2021-05-25 09:54:13.562000;2021-05-25 10:25:20.594000;1.867.032;40;112;0;100;2021-05-28 11:10:03.909000;51867BAD;United Kingdom;United Kingdom;Other;DATA EXPIRED;English;United Kingdom;Male;No
60acc894da07dbe0ae5b0d03;6021af0b9acb1820663c562a;APPROVED;2021-05-25 09:51:23.391000;2021-05-25 10:11:10.147000;1.186.756;33;117;0;100;2021-05-28 11:09:46.958000;51867BAD;United Kingdom;United Kingdom;Full-Time;DATA EXPIRED;English;United Kingdom;Female;No
60ace8b702145d83e1485d1e;60241f9a1c396e07884618dc;APPROVED;2021-05-25 12:08:23.313000;2021-05-25 12:28:02.085000;1.178.772;19;43;0;100;2021-05-28 11:10:41.230000;51867BAD;Poland;Poland;Other;;Polish, English;Poland;Male;Yes
60aca9561c6c16dd7f5f217e;602ac390ba730d1481320bc1;APPROVED;2021-05-25 07:38:42.207000;2021-05-25 08:02:06.026000;1.403.819;26;42;0;100;2021-05-28 11:09:15.470000;51867BAD;Germany;Germany;Part-Time;;English, German, Polish;Germany;Female;Yes
60acbc86a7f8710ca1071314;602ac7aecfb3131722d22616;APPROVED;2021-05-25 08:59:50.488000;2021-05-25 09:17:33.091000;1.062.603;24;56;2;99;2021-05-28 11:09:30.216000;51867BAD;Korea;United Kingdom;Full-Time;;English, Korean;Korea;Female;No
60acc93954ff076a9eaeb597;602ac80c6cf22516282a7fd3;APPROVED;2021-05-25 09:54:03.600000;2021-05-25 10:09:14.822000;911.222;31;123;0;100;2021-05-28 11:10:02.854000;51867BAD;United Kingdom;United Kingdom;Full-Time;DATA EXPIRED;English;United Kingdom;Male;No
60acd9becc489f371213a383;6035032b2b7720f4818f8042;APPROVED;2021-05-25 11:04:39.737000;2021-05-25 11:34:09.593000;1.769.856;29;37;0;100;2021-05-28 11:10:30.702000;51867BAD;United Kingdom;United Kingdom;Full-Time;;English;United Kingdom;Female;No
60acc8c604d61a48f7019d8b;603836f34e3f321dbba51e02;APPROVED;2021-05-25 09:52:25.036000;2021-05-25 10:30:04.782000;2.259.746;52;69;0;100;2021-05-28 11:09:55.358000;51867BAD;Pakistan;United Kingdom;Part-Time;;Punjabi, Urdu, English, Rather not say;Pakistan;Female;No
60aca8e89ab2a4d2f4688a7a;603cdf39317ad4a67ea5f6c3;APPROVED;2021-05-25 07:38:49.954000;2021-05-25 08:03:45.001000;1.495.047;22;26;0;100;2021-05-28 11:09:14.587000;51867BAD;Poland;Poland;Due to start a new job within the next month;;English, Polish;Poland;Male;Yes
60acd60fcc4086bfd6048110;603e02ed8d9a2bdb613e9e95;APPROVED;2021-05-25 10:48:47.101000;2021-05-25 11:07:53.468000;1.146.367;22;87;1;99;2021-05-28 11:10:13.622000;51867BAD;United Kingdom;United Kingdom;Part-Time;DATA EXPIRED;English;United Kingdom;Male;Yes
60acc88ae2abff50b5f784e0;603ed5d8d98e95fc0e0a67a9;APPROVED;2021-05-25 09:52:57.761000;2021-05-25 10:14:11.312000;1.273.551;33;78;1;100;2021-05-28 11:09:44.562000;51867BAD;Pakistan;United Kingdom;Part-Time;;English;Pakistan;Female;No
60abbd12275e94c476ff5dbe;603f8463a77c2401e916707a;APPROVED;2021-05-24 14:49:54.895000;2021-05-24 15:15:04.247000;1.509.352;30;30;0;100;2021-05-24 17:27:25.615000;51867BAD;Turkey;United Kingdom;Other;;Turkish, English;Turkey;Male;Yes
60abbc2ca0613e318451e6a7;604163c09873c3127f1a76b7;APPROVED;2021-05-24 14:51:12.711000;24/05/2021 15:10;1.135.289;22;16;0;100;2021-05-24 17:25:19.677000;51867BAD;France;United Kingdom;Other;;English, Portuguese, Spanish;Argentina;Female;Yes
60abbd395fdac6331225db0f;6043bc93f737373c02fd5c86;APPROVED;2021-05-24 14:50:44.098000;2021-05-24 15:13:19.662000;1.355.564;20;16;0;100;2021-05-24 17:28:31.288000;51867BAD;Germany;Hungary;Full-Time;DATA EXPIRED;English, German, Hungarian;Germany;Male;No
60acd6045a3796052e45d37f;6044ca22bc6235555362d5bb;APPROVED;2021-05-25 10:49:08.392000;2021-05-25 11:13:29.762000;1461.37;54;98;0;100;2021-05-28 11:10:12.632000;51867BAD;Pakistan;United Kingdom;Not in paid work (e.g. homemaker', 'retired or disabled);DATA EXPIRED;English, Urdu, Punjabi;United Kingdom;Male;No
60acbd4020fb0653a0d69aa7;6047751994d11825d3137fa1;APPROVED;2021-05-25 09:03:15.343000;2021-05-25 09:19:37.254000;981.911;20;64;0;100;2021-05-28 11:09:37.830000;51867BAD;United Kingdom;United Kingdom;Unemployed (and job seeking);DATA EXPIRED;English;United Kingdom;Female;Yes
60acd5f2f4749a966e13db91;6047a75fb0f5940008f35cc5;APPROVED;2021-05-25 10:48:23.871000;2021-05-25 11:09:30.762000;1.266.891;58;78;1;100;2021-05-28 11:10:08.619000;51867BAD;United Kingdom;United Kingdom;Part-Time;DATA EXPIRED;English;United Kingdom;Female;No
60acacff90a85e190e80ac1b;604a76c6e02de8c6c490b379;APPROVED;2021-05-25 07:53:59.420000;2021-05-25 08:25:10.946000;1.871.526;45;26;0;100;2021-05-28 11:09:19.210000;51867BAD;Korea;Italy;Other;DATA EXPIRED;English, Italian;Korea;Female;No
60acc8d5ff5dd613eb353002;604b6aea586d035690aa609f;APPROVED;2021-05-25 09:52:23.044000;2021-05-25 10:55:34.587000;3.791.543;39;86;0;100;2021-05-28 11:09:56.480000;51867BAD;South Africa;United Kingdom;Full-Time;DATA EXPIRED;Afrikaans, English;United Kingdom;Male;No
60abbd13df4b6b9ff16b733e;604c919f4e274caaf2502bdd;APPROVED;2021-05-24 14:53:13.321000;2021-05-24 15:19:45.926000;1.592.605;23;25;0;100;2021-05-24 17:27:57.552000;51867BAD;Poland;Poland;Other;;English, Polish;Poland;Female;Yes
60acb269b4190439f844120b;604d5e61486bd0622d2102c0;APPROVED;2021-05-25 08:16:45.343000;2021-05-25 08:37:21.401000;1.236.058;21;74;0;100;2021-05-28 11:09:28.271000;51867BAD;United Kingdom;United Kingdom;Unemployed (and job seeking);DATA EXPIRED;English;United Kingdom;Female;No
60acab0fd1555d561d17408f;6050802350d764b9e8408a4b;APPROVED;2021-05-25 07:47:53.669000;2021-05-25 08:08:05.163000;1.211.494;26;33;0;100;2021-05-28 11:09:16.637000;51867BAD;Poland;Poland;Unemployed (and job seeking);DATA EXPIRED;English, Japanese, Polish;Poland;Female;Yes
60acdc4c0f60a08386a1395f;6051e422c49277243e8fc163;APPROVED;2021-05-25 11:17:37.269000;2021-05-25 12:20:28.289000;3771.02;18;60;1;100;2021-05-28 11:10:31.796000;51867BAD;United Kingdom;Poland;Other;DATA EXPIRED;English, Polish;United Kingdom;Male;No
60acd64c53581f47d71a2423;605273bcd0b9b4510724f3d7;APPROVED;2021-05-25 10:50:07.564000;2021-05-25 11:09:10.213000;1.142.649;31;93;1;100;2021-05-28 11:10:22.258000;51867BAD;United Kingdom;United Kingdom;Other;DATA EXPIRED;English;United Kingdom;Female;No
60acbcb9ea01ff866f6e54cd;60567a5e7a6b1eb82eaf3fa5;APPROVED;2021-05-25 09:00:41.712000;2021-05-25 09:17:42.650000;1.020.938;21;35;1;100;2021-05-28 11:09:33.456000;51867BAD;Portugal;Portugal;Other;DATA EXPIRED;Portuguese, English;Portugal;Male;Yes
60acbc8cd201217b697fee71;6057da676f555c26197a3007;APPROVED;2021-05-25 08:59:56.177000;2021-05-25 09:16:14.860000;978.683;20;25;0;100;2021-05-28 11:09:31.334000;51867BAD;Belgium;Belgium;Other;;English, French;Belgium;Female;Yes
60ace0f4e8efcdc9621493ef;60587a632a56aa17491c12fe;APPROVED;2021-05-25 11:35:57.631000;2021-05-25 11:59:30.130000;1.412.499;45;93;0;100;2021-05-28 11:10:35.097000;51867BAD;United Kingdom;United Kingdom;Full-Time;;English;United Kingdom;Male;No
60ace0b541d22f441cf4ca90;605b2b10df3fd109ccf7f7ea;APPROVED;2021-05-25 11:34:13.939000;2021-05-25 11:59:03.901000;1.489.962;26;72;2;99;2021-05-28 11:10:32.705000;51867BAD;United Kingdom;United Kingdom;Full-Time;;English;United Kingdom;Female;No
60ace89c7a1c4bff9e7e18c4;6064776b0b0390bbd24e0b1b;APPROVED;2021-05-25 12:08:55.766000;2021-05-25 12:22:42.440000;826.674;27;38;2;96;2021-05-28 11:10:39.285000;51867BAD;Ghana;United Kingdom;Unemployed (and job seeking);;English;Ghana;Male;Yes
60acd64923425d182ce08857;6065c6978fb9e3a4e328f3e0;APPROVED;2021-05-25 10:49:55.856000;2021-05-25 11:10:08.712000;1.212.856;33;57;0;100;2021-05-28 11:10:21.920000;51867BAD;Spain;United Kingdom;Full-Time;;English, Spanish;Spain;Male;No
60acc95fff1ccd1ef16f5d71;606d858fbb5c59d556c3aa7c;APPROVED;2021-05-25 09:54:46.172000;2021-05-25 10:13:04.274000;1.098.102;24;58;0;100;2021-05-28 11:10:06.158000;51867BAD;United Kingdom;United Kingdom;Part-Time;DATA EXPIRED;English;United Kingdom;Female;No
60acad3ad2b2f19415c44df2;6074c0ce19889ca4efd4448e;APPROVED;2021-05-25 07:57:01.405000;2021-05-25 08:29:05.101000;1.923.696;28;40;0;100;2021-05-28 11:09:20.122000;51867BAD;Pakistan;United Kingdom;Part-Time;;English, Farsi, Hindi;Pakistan;Female;Yes
60acc89a39ccbdf7db14b0f3;607aadfc954e1ae041cd3684;APPROVED;2021-05-25 09:52:04.572000;2021-05-25 10:13:39.795000;1.295.223;21;23;0;100;2021-05-28 11:09:49.625000;51867BAD;United Kingdom;United Kingdom;Other;;English;United Kingdom;Female;Yes
60acadaa17148e8cb64bd132;607cbdea57addf71b2890592;APPROVED;2021-05-25 07:57:26.120000;2021-05-25 08:16:40.334000;1.154.214;20;19;0;100;2021-05-28 11:09:22.418000;51867BAD;Andorra;Portugal;Unemployed (and job seeking);;Catalan, English, Portuguese, French, Spanish;Portugal;Male;Yes
60acc8a943f9a8a1269d9ee0;607f2e7133afa07084f6be01;APPROVED;2021-05-25 09:51:42.927000;2021-05-25 10:18:13.725000;1.590.798;32;35;1;99;2021-05-28 11:09:52.099000;51867BAD;India;United Kingdom;Full-Time;;English, French, Tamil;Canada;Female;No
60ace8a54928ab4e965f1086;6083ff657cad22aaf2f462ad;APPROVED;2021-05-25 12:08:09.398000;2021-05-25 13:14:38.934000;3.989.536;21;18;0;100;2021-05-28 11:10:40.160000;51867BAD;Poland;Poland;Unemployed (and job seeking);;English, Polish;Poland;Male;Yes
60ace8a9025d0ab29bcd1547;608452f53ba076dd01ac8dd9;APPROVED;2021-05-25 12:08:16.986000;2021-05-25 12:26:37.183000;1.100.197;27;37;0;100;2021-05-28 11:10:40.712000;51867BAD;United Kingdom;United Kingdom;Full-Time;;English;United Kingdom;Female;No
60acc7e95eef2a0cd8a67537;608729c178d50c885cab1fa7;APPROVED;2021-05-25 09:48:30.241000;2021-05-25 10:07:33.442000;1.143.201;19;30;0;100;2021-05-28 11:09:40.257000;51867BAD;United Arab Emirates;United Kingdom;Unemployed (and job seeking);;English, Bulgarian;Bulgaria;Female;Yes
60ace8781a1677f1fcc19f0d;609007a52ef4a0b510e6ccde;APPROVED;2021-05-25 12:07:21.518000;2021-05-25 12:23:19.440000;957.922;35;31;0;100;2021-05-28 11:10:37.808000;51867BAD;United Kingdom;United Kingdom;Full-Time;;English;United Kingdom;Female;No
60acd698ea2aded6713e9b8c;609316ef5c90eaf6b8776b0f;APPROVED;2021-05-25 10:51:17.497000;2021-05-25 11:27:35.908000;2.178.411;21;20;0;100;2021-05-28 11:10:26.729000;51867BAD;France;United Kingdom;Part-Time;;English, French;France;Female;Yes
60acc7f225cd44e70c87d6c7;60953603cc1c039583a51f53;APPROVED;2021-05-25 09:48:39.222000;2021-05-25 10:11:33.760000;1.374.538;43;13;0;100;2021-05-28 11:09:41.185000;51867BAD;Ireland;Ireland;Part-Time;;English;Ireland;Female;No
60ace8a2e260fa3c1aeee125;60958703435bee5cf34d9e32;APPROVED;2021-05-25 12:08:40.903000;2021-05-25 12:30:44.582000;1.323.679;51;30;0;100;2021-05-28 11:10:39.662000;51867BAD;United Kingdom;United Kingdom;Full-Time;;English;United Kingdom;Female;No
60acae2718f79cdde44db24b;609810a3e824529db49b25b9;APPROVED;2021-05-25 07:58:44.812000;2021-05-25 08:16:37.237000;1.072.425;54;23;1;99;2021-05-28 11:09:23.515000;51867BAD;United Kingdom;United Kingdom;Full-Time;;English;United Kingdom;Female;No
60ace8ca2b892398d21b419a;60990cfc7441dc3e4c3e071a;APPROVED;2021-05-25 12:08:45.288000;2021-05-25 12:30:41.577000;1.316.289;37;32;0;100;2021-05-28 11:10:41.633000;51867BAD;United Kingdom;United Kingdom;Unemployed (and job seeking);;English;United Kingdom;Male;No
60acd94176be13f579bd7736;609b8c4e595571189c40f9cc;APPROVED;2021-05-25 11:02:37.062000;2021-05-25 11:21:14.687000;1.117.625;26;21;0;100;2021-05-28 11:10:29.749000;51867BAD;United Kingdom;;Full-Time;;English;United Kingdom;Female;No
60ace0b173196f798a584b12;609ba6a8dd99e8843427654d;APPROVED;2021-05-25 11:34:09.059000;2021-05-25 11:51:51.907000;1.062.848;21;11;0;100;2021-05-28 11:10:31.904000;51867BAD;Brazil;Portugal;Unemployed (and job seeking);;English, Portuguese, Spanish;Portugal;Male;Yes
60acc862926ee0a3659abc04;60a242bb13f881f06d814690;APPROVED;2021-05-25 09:50:26.277000;2021-05-25 10:10:19.360000;1.193.083;26;20;0;100;2021-05-28 11:09:42.276000;51867BAD;United Kingdom;United Kingdom;Full-Time;;English;United Kingdom;Male;No
60acbc7329eb96567ac5e22d;60a3a4f27f90310fc3955f5a;APPROVED;2021-05-25 08:59:38.303000;2021-05-25 09:17:45.141000;1.086.838;22;21;0;100;2021-05-28 11:09:29.293000;51867BAD;Czech Republic;Czech Republic;Part-Time;;Czech, English;Czech Republic;Male;Yes
60acd65d9ec36f08eaa2af5b;60a575c33d9650fc8cd96f1f;APPROVED;2021-05-25 10:55:07.014000;2021-05-25 11:14:50.295000;1.183.281;34;13;0;100;2021-05-28 11:10:23.210000;51867BAD;Poland;United Kingdom;Full-Time;;Polish, English;Poland;Female;No
60acc92f66d6a5db4133e3fd;60a6728db8706f6506c70b38;APPROVED;2021-05-25 09:54:10.301000;2021-05-25 10:17:51.153000;1.420.852;42;26;0;100;2021-05-28 11:10:01.784000;51867BAD;United Kingdom;United Kingdom;Not in paid work (e.g. homemaker', 'retired or disabled);;English;United Kingdom;Male;No
60ace888b294e4f94e88ff91;60a907c47e3f0fc2828ba1f2;APPROVED;2021-05-25 12:07:36.711000;2021-05-25 12:28:50.940000;1.274.229;28;16;0;100;2021-05-28 11:10:38.445000;51867BAD;United Kingdom;United Kingdom;Not in paid work (e.g. homemaker', 'retired or disabled);;English;United Kingdom;Female;No
60acd62b82cbd9ec7cf55c5e;60aa817bc03dba2890522f2f;APPROVED;2021-05-25 10:49:41.286000;2021-05-25 11:07:44.706000;1083.42;29;13;0;100;2021-05-28 11:10:18.297000;51867BAD;United Kingdom;;Part-Time;;English;United Kingdom;Female;No
60acb0eda64f079c9b30e13f;5ecd61ff54acea0a37f6f092;REJECTED;2021-05-25 08:10:21.078000;2021-05-25 08:47:24.792000;2.223.714;32;151;1;100;2021-05-28 10:58:27.303000;NOCODE;India;United Kingdom;Unemployed (and job seeking);Hindi;English, Hindi;India;Female;No
60acbcee5fb68e999a8c0348;577a3dfd92c50c0001c9488f;RETURNED;2021-05-25 09:01:41.237000;;267.366.334.878;58;1605;7;100;;;CONSENT REVOKED;CONSENT REVOKED;CONSENT REVOKED;CONSENT REVOKED;CONSENT REVOKED;CONSENT REVOKED;CONSENT REVOKED;CONSENT REVOKED
60acd61bd1cb76c6f1c5f42d;594bc549f95b1d0001909e90;RETURNED;2021-05-25 10:49:34.381000;;260.893.592.629;34;361;8;98;;;CONSENT REVOKED;CONSENT REVOKED;CONSENT REVOKED;CONSENT REVOKED;CONSENT REVOKED;CONSENT REVOKED;CONSENT REVOKED;CONSENT REVOKED
60acac883cff62128b0b1ac4;5999d56f05a0e30001f1ffc3;RETURNED;2021-05-25 07:51:40.808000;;271.566.613.971;42;1017;10;99;;;CONSENT REVOKED;CONSENT REVOKED;CONSENT REVOKED;CONSENT REVOKED;CONSENT REVOKED;CONSENT REVOKED;CONSENT REVOKED;CONSENT REVOKED
60acd616a89d3bbe9f48f8b1;59a6aa43b2130b000179d303;RETURNED;2021-05-25 10:48:54.018000;;260.933.949.651;43;532;2;100;;;CONSENT REVOKED;CONSENT REVOKED;CONSENT REVOKED;CONSENT REVOKED;CONSENT REVOKED;CONSENT REVOKED;CONSENT REVOKED;CONSENT REVOKED
60abbc4bda985563cb61ac45;59c558114374e1000125c522;RETURNED;2021-05-24 14:46:40.583000;;33.306.674.652;50;247;1;100;;;CONSENT REVOKED;CONSENT REVOKED;CONSENT REVOKED;CONSENT REVOKED;CONSENT REVOKED;CONSENT REVOKED;CONSENT REVOKED;CONSENT REVOKED
60acad551ad0978538ca04b6;5ad44f87459c35000113830e;RETURNED;2021-05-25 07:59:19.470000;;271.107.969.292;27;463;3;100;;;CONSENT REVOKED;CONSENT REVOKED;CONSENT REVOKED;CONSENT REVOKED;CONSENT REVOKED;CONSENT REVOKED;CONSENT REVOKED;CONSENT REVOKED
60acd64c15bbf47f1ec0548a;5b89ad4819110c0001eb707c;RETURNED;2021-05-25 10:49:55.464000;;260.872.567.839;33;492;1;100;;;CONSENT REVOKED;CONSENT REVOKED;CONSENT REVOKED;CONSENT REVOKED;CONSENT REVOKED;CONSENT REVOKED;CONSENT REVOKED;CONSENT REVOKED
60acac93fe03068007024b34;5c062cef891bb4000121c91c;RETURNED;2021-05-25 07:51:53.998000;;271.553.424.037;53;310;1;100;;;CONSENT REVOKED;CONSENT REVOKED;CONSENT REVOKED;CONSENT REVOKED;CONSENT REVOKED;CONSENT REVOKED;CONSENT REVOKED;CONSENT REVOKED
60acd635c053fd9b9917f593;5d6e457c3e7e82001b2e8558;RETURNED;2021-05-25 10:49:25.438000;;260.902.559.717;27;154;3;98;;;CONSENT REVOKED;CONSENT REVOKED;CONSENT REVOKED;CONSENT REVOKED;CONSENT REVOKED;CONSENT REVOKED;CONSENT REVOKED;CONSENT REVOKED
60acd61b34499bf7ccfcd644;5d973ebf47985300199edb9b;RETURNED;2021-05-25 10:48:59.069000;;260.928.904.564;19;266;2;100;;;CONSENT REVOKED;CONSENT REVOKED;CONSENT REVOKED;CONSENT REVOKED;CONSENT REVOKED;CONSENT REVOKED;CONSENT REVOKED;CONSENT REVOKED
60acdc4f22aff158cd091cc3;5df6c8bd77f8654c718ee1d9;RETURNED;2021-05-25 11:15:30.089000;;259.338.127.296;47;240;2;100;;;CONSENT REVOKED;CONSENT REVOKED;CONSENT REVOKED;CONSENT REVOKED;CONSENT REVOKED;CONSENT REVOKED;CONSENT REVOKED;CONSENT REVOKED
60acd5f584ad0d8f1a3f7305;5e5fc346cf3e300453d01cde;RETURNED;2021-05-25 10:48:21.655000;;260.966.265.304;25;120;1;100;;;CONSENT REVOKED;CONSENT REVOKED;CONSENT REVOKED;CONSENT REVOKED;CONSENT REVOKED;CONSENT REVOKED;CONSENT REVOKED;CONSENT REVOKED
60acd6866d2684e2b5613113;5e626ef2ac3cd1000d96755e;RETURNED;2021-05-25 10:50:48.771000;;26.081.931.647;23;275;2;100;;;CONSENT REVOKED;CONSENT REVOKED;CONSENT REVOKED;CONSENT REVOKED;CONSENT REVOKED;CONSENT REVOKED;CONSENT REVOKED;CONSENT REVOKED
60ace0f6442c6094a8232a9a;5e82a86895c1fb8b91c05522;RETURNED;2021-05-25 11:46:00.062000;;257.508.252.663;19;96;1;100;;;CONSENT REVOKED;CONSENT REVOKED;CONSENT REVOKED;CONSENT REVOKED;CONSENT REVOKED;CONSENT REVOKED;CONSENT REVOKED;CONSENT REVOKED
60acd69c879c7fe8b60374ae;5e99c8efae829502a02f6fc8;RETURNED;2021-05-25 11:02:00.049000;;26.014.806.175;38;278;4;99;;;CONSENT REVOKED;CONSENT REVOKED;CONSENT REVOKED;CONSENT REVOKED;CONSENT REVOKED;CONSENT REVOKED;CONSENT REVOKED;CONSENT REVOKED
60ace0e82ff53f98a208621f;5eaf421a2627076426921b2a;RETURNED;2021-05-25 11:35:04.911000;;258.163.367.701;23;158;0;100;;;CONSENT REVOKED;CONSENT REVOKED;CONSENT REVOKED;CONSENT REVOKED;CONSENT REVOKED;CONSENT REVOKED;CONSENT REVOKED;CONSENT REVOKED
60abbd2c80df003394af2d38;5f034105cfd81650d603dea2;RETURNED;2021-05-24 14:50:20.369000;;332.846.988.842;22;21;0;100;;;CONSENT REVOKED;CONSENT REVOKED;CONSENT REVOKED;CONSENT REVOKED;CONSENT REVOKED;CONSENT REVOKED;CONSENT REVOKED;CONSENT REVOKED
60ace0b8dd7a746d926d216a;5f072de78ef9940c5dbabf80;RETURNED;2021-05-25 11:34:16.343000;;258.211.890.687;31;214;0;100;;;CONSENT REVOKED;CONSENT REVOKED;CONSENT REVOKED;CONSENT REVOKED;CONSENT REVOKED;CONSENT REVOKED;CONSENT REVOKED;CONSENT REVOKED
60acd72c94cee145a4d5cd10;5f0d5e8b03b5db770f95690d;RETURNED;2021-05-25 11:04:00.066000;;260.028.108.572;41;313;1;100;;;CONSENT REVOKED;CONSENT REVOKED;CONSENT REVOKED;CONSENT REVOKED;CONSENT REVOKED;CONSENT REVOKED;CONSENT REVOKED;CONSENT REVOKED
60abb7a4b15b38c1e678a2bb;5f11a08029b071031bf706a9;RETURNED;2021-05-24 14:26:44.667000;;334.262.614.654;29;37;0;100;;;CONSENT REVOKED;CONSENT REVOKED;CONSENT REVOKED;CONSENT REVOKED;CONSENT REVOKED;CONSENT REVOKED;CONSENT REVOKED;CONSENT REVOKED
60accaf7ed39d0032dc5c1ba;5f4f803208157f03f2b4cccd;RETURNED;2021-05-25 10:01:31.350000;;263.776.549.629;35;106;0;100;;;CONSENT REVOKED;CONSENT REVOKED;CONSENT REVOKED;CONSENT REVOKED;CONSENT REVOKED;CONSENT REVOKED;CONSENT REVOKED;CONSENT REVOKED
60ace8c65ba19189728321bb;5f6bf0ba90a06f165a723144;RETURNED;2021-05-25 12:09:11.052000;;256.117.501.884;49;154;0;100;;;CONSENT REVOKED;CONSENT REVOKED;CONSENT REVOKED;CONSENT REVOKED;CONSENT REVOKED;CONSENT REVOKED;CONSENT REVOKED;CONSENT REVOKED
60acda408b2d14b1a7f5d34b;5f6cab593d36b10850541437;RETURNED;2021-05-25 11:06:48.678000;;259.859.526.395;23;72;1;100;;;CONSENT REVOKED;CONSENT REVOKED;CONSENT REVOKED;CONSENT REVOKED;CONSENT REVOKED;CONSENT REVOKED;CONSENT REVOKED;CONSENT REVOKED
60ace0e120b24e24f3337eba;5f71935e1b5cc67c14c657b1;RETURNED;2021-05-25 11:35:00.653000;;258.167.625.649;39;260;2;100;;;CONSENT REVOKED;CONSENT REVOKED;CONSENT REVOKED;CONSENT REVOKED;CONSENT REVOKED;CONSENT REVOKED;CONSENT REVOKED;CONSENT REVOKED
60acd61259ab3406544471cb;5fbe3c41aedc39320937dfab;RETURNED;2021-05-25 10:48:55.238000;;260.932.725.235;30;169;0;100;;;CONSENT REVOKED;CONSENT REVOKED;CONSENT REVOKED;CONSENT REVOKED;CONSENT REVOKED;CONSENT REVOKED;CONSENT REVOKED;CONSENT REVOKED
60acb831e776a31194c8611d;5fbe96c8baacbc025a60d10b;RETURNED;2021-05-25 08:51:21.802000;;267.985.699.674;30;173;2;100;;;CONSENT REVOKED;CONSENT REVOKED;CONSENT REVOKED;CONSENT REVOKED;CONSENT REVOKED;CONSENT REVOKED;CONSENT REVOKED;CONSENT REVOKED
60acd63630e6f0c523a06d78;5fc65e74929fd92965820a93;RETURNED;2021-05-25 10:49:54.145000;;260.873.852.789;22;112;0;100;;;CONSENT REVOKED;CONSENT REVOKED;CONSENT REVOKED;CONSENT REVOKED;CONSENT REVOKED;CONSENT REVOKED;CONSENT REVOKED;CONSENT REVOKED
60acc962686a215dbcebf017;5fe931ec84b3a98861fcf02e;RETURNED;2021-05-25 09:54:43.920000;;264.183.961.619;36;136;0;100;;;CONSENT REVOKED;CONSENT REVOKED;CONSENT REVOKED;CONSENT REVOKED;CONSENT REVOKED;CONSENT REVOKED;CONSENT REVOKED;CONSENT REVOKED
60acd65e2e82aee354ed5c26;5ff1d7f9adaa0964f5acbabb;RETURNED;2021-05-25 10:50:08.878000;;260.859.188.164;51;108;1;100;;;CONSENT REVOKED;CONSENT REVOKED;CONSENT REVOKED;CONSENT REVOKED;CONSENT REVOKED;CONSENT REVOKED;CONSENT REVOKED;CONSENT REVOKED
60acd5fc6d2684e2b561310a;602eb3b80f39e6aa2ab2f3e2;RETURNED;2021-05-25 10:48:28.294000;;260.959.637.995;22;60;0;100;;;CONSENT REVOKED;CONSENT REVOKED;CONSENT REVOKED;CONSENT REVOKED;CONSENT REVOKED;CONSENT REVOKED;CONSENT REVOKED;CONSENT REVOKED
60acc8f2316b00fb88a327d6;604ce6075c751bc1e1a11dd5;RETURNED;2021-05-25 10:02:50.201000;;263.697.589.537;39;70;0;100;;;CONSENT REVOKED;CONSENT REVOKED;CONSENT REVOKED;CONSENT REVOKED;CONSENT REVOKED;CONSENT REVOKED;CONSENT REVOKED;CONSENT REVOKED
60acb131039ec972e038347f;6056beff1b9debccd57761e0;RETURNED;2021-05-25 08:11:29.621000;;270.377.870.966;20;24;1;99;;;CONSENT REVOKED;CONSENT REVOKED;CONSENT REVOKED;CONSENT REVOKED;CONSENT REVOKED;CONSENT REVOKED;CONSENT REVOKED;CONSENT REVOKED
60acd65ed0b54bb754e2416b;60736fd8d28f29beba8e54d6;RETURNED;2021-05-25 10:50:09.003000;;260.859.069.097;22;49;1;98;;;CONSENT REVOKED;CONSENT REVOKED;CONSENT REVOKED;CONSENT REVOKED;CONSENT REVOKED;CONSENT REVOKED;CONSENT REVOKED;CONSENT REVOKED
60acd7bb9db2b4d407460b07;607c90a7b48e5335f4aa334e;RETURNED;2021-05-25 10:55:59.379000;;260.508.801.554;33;48;0;100;;;CONSENT REVOKED;CONSENT REVOKED;CONSENT REVOKED;CONSENT REVOKED;CONSENT REVOKED;CONSENT REVOKED;CONSENT REVOKED;CONSENT REVOKED
60acc94f141f2c932509a20e;6082d3ad13f6505ba0c1789f;RETURNED;2021-05-25 09:58:52.577000;;263.935.279.305;24;24;1;99;;;CONSENT REVOKED;CONSENT REVOKED;CONSENT REVOKED;CONSENT REVOKED;CONSENT REVOKED;CONSENT REVOKED;CONSENT REVOKED;CONSENT REVOKED
60ace90e6ef6a5fe77ab3f1b;609fb27ad5266b51131af35e;RETURNED;2021-05-25 12:09:56.903000;;256.071.663.926;25;16;0;100;;;CONSENT REVOKED;CONSENT REVOKED;CONSENT REVOKED;CONSENT REVOKED;CONSENT REVOKED;CONSENT REVOKED;CONSENT REVOKED;CONSENT REVOKED
60ace0e911ed5520278f3e28;60a55b7561ae52cc48e68eae;RETURNED;2021-05-25 11:35:06.910000;;258.161.374.547;24;16;0;100;;;CONSENT REVOKED;CONSENT REVOKED;CONSENT REVOKED;CONSENT REVOKED;CONSENT REVOKED;CONSENT REVOKED;CONSENT REVOKED;CONSENT REVOKED
60acc92444457880f15e8ae1;5c3cadc76352a50001b26c6b;TIMED-OUT;2021-05-25 09:53:43.172000;;264.244.641.436;48;164;1;100;;;Italy;Italy;Full-Time;Italian;English, Czech, Italian;Italy;Male;Yes
60abbc78d1d9e02b682e935b;5c900a3af476780017bdd85b;TIMED-OUT;2021-05-24 14:47:21.533000;;333.025.796.585;26;42;1;100;;;United Kingdom;United Kingdom;Part-Time;English;English;United Kingdom;Male;Yes
60acc9e46983fc30fe546a67;5de016f1a63c7b0947c54c6b;TIMED-OUT;2021-05-25 09:56:52.847000;;264.055.040.978;29;267;3;100;;;Russian Federation;United Kingdom;Full-Time;Greek;English, Greek, Russian;Greece;Female;Yes
60acbd2e0c823b9c3c9474bf;5eaac550c2e646012d6ca899;TIMED-OUT;2021-05-25 09:02:38.589000;;267.308.988.461;26;173;0;100;;;France;France;Unemployed (and job seeking);French;Arabic, French, German, English;France;Male;No
60acc7e30efd6aa1f727b347;5f4e5f182ba08b01c5ed4ce1;TIMED-OUT;2021-05-25 09:48:41.742000;;2.645.458.738;31;227;2;99;;;France;France;Full-Time;DATA EXPIRED;English, French, Spanish;France;Male;Yes
