session_id;participant_id;status;started_datetime;completed_date_time;time_taken;age;num_approvals;num_rejections;prolific_score;reviewed_at_datetime;entered_code;Country of Birth;Current Country of Residence;Employment Status;First Language;Fluent languages;Nationality;Sex;Student Status
60f69782a6e0f7770867f3ee;55f1b20332af74000b16ffeb;APPROVED;2021-07-20 09:29:49.097000;2021-07-20 10:11:41.942000;2.512.845;47;120;0;100;2021-07-20 13:03:23.121000;51867BAD;Greece;Greece;Full-Time;Greek;English, Greek;Greece;Male;DATA EXPIRED
60f695d48582a53cdba95c50;57a7a0e26475d400015abe19;APPROVED;2021-07-20 09:22:32.629000;2021-07-20 09:56:25.751000;2.033.122;28;317;4;99;2021-07-20 13:04:09.906000;51867BAD;Portugal;Portugal;Unemployed (and job seeking);Portuguese;Portuguese, English;Portugal;Female;No
60f69ca0295762e880fd9c9d;57b3a754cbe60100013773f2;APPROVED;2021-07-20 09:51:33.120000;2021-07-20 10:20:45.778000;1.752.658;28;407;7;98;2021-07-20 13:05:14.519000;51867BAD;Spain;Spain;DATA EXPIRED;Spanish;English, Spanish;Spain;Female;DATA EXPIRED
60f68e63e232b6188442719c;5908826f7a321c0001261e69;APPROVED;2021-07-20 08:50:43.736000;2021-07-20 09:17:31.499000;1.607.763;33;362;2;100;2021-07-20 13:06:30.277000;51867BAD;Hungary;Hungary;Not in paid work (e.g. homemaker', 'retired or disabled);Hungarian;English, Hungarian;Hungary;Female;No
60f69dd81b728e833ce65f76;595caef4e05ca8000133fe62;APPROVED;2021-07-20 09:56:44.428000;2021-07-20 10:24:09.005000;1.644.577;40;263;6;98;2021-07-20 13:07:21.438000;51867BAD;United Kingdom;United Kingdom;DATA EXPIRED;English;English;United Kingdom;Female;DATA EXPIRED
60f591051022de9dc7d8b0d2;5a85d403ae9a0b0001a9ec8c;APPROVED;2021-07-19 14:49:51.510000;2021-07-19 15:14:38.805000;1.487.295;24;332;3;100;2021-07-20 08:02:10.933000;51867BAD;Portugal;Portugal;Full-Time;Portuguese;French, English, Italian, Portuguese, Spanish;Portugal;Female;No
60f6b052668b23d0061c63aa;5b576109d1b3720001da81f1;APPROVED;2021-07-20 11:16:47.413000;2021-07-20 12:03:56.352000;2.828.939;40;336;0;100;2021-07-20 13:09:26.332000;51867BAD;Portugal;Portugal;Part-Time;Portuguese;English, Portuguese;Portugal;Male;No
60f6a6df3c4801574ea08bf8;5bafd12a70f8df0001be84a7;APPROVED;2021-07-20 10:35:11.519000;2021-07-20 11:20:22.830000;2.711.311;31;474;3;100;2021-07-20 13:10:37.570000;51867BAD;Poland;Poland;DATA EXPIRED;Polish;German, English, Spanish, Polish;Poland;Male;DATA EXPIRED
60f5a538136f49a21d003789;5bd8a67a0aac450001f98a45;APPROVED;2021-07-19 16:15:52.534000;2021-07-19 16:59:28.996000;2.616.462;21;82;1;100;2021-07-20 08:06:09.044000;51867BAD;Hungary;Hungary;DATA EXPIRED;Hungarian;German, English, Hungarian;Hungary;Male;DATA EXPIRED
60f58da92aef1d2692083250;5bfebb346fe16d0001678101;APPROVED;2021-07-19 14:35:33.613000;2021-07-19 15:05:47.877000;1.814.264;30;52;2;98;2021-07-20 08:10:46.703000;51867BAD;New Zealand;United Kingdom;DATA EXPIRED;English;English;New Zealand;Female;DATA EXPIRED
60f58c1bcca541e56f941ba3;5c2fa844551b540001706cee;APPROVED;2021-07-19 14:28:43.616000;2021-07-19 15:16:17.598000;2.853.982;42;107;1;100;2021-07-20 08:11:26.070000;51867BAD;Poland;Poland;Full-Time;Polish;Polish, English;Poland;Female;No
60f6a6ea596644a33d095fb2;5c3f53e45149ab0001dc54ce;APPROVED;2021-07-20 10:35:25.790000;2021-07-20 11:08:33.391000;1.987.601;25;232;0;100;2021-07-20 13:13:39.152000;51867BAD;Portugal;Portugal;Full-Time;Portuguese;Portuguese, English;Portugal;Female;No
60f6a6e82f8aaac86a28e472;5c58c2ce2a84410001d3f522;APPROVED;2021-07-20 10:35:20.027000;2021-07-20 11:31:08.678000;3.348.651;24;62;1;100;2021-07-20 13:14:33.443000;51867BAD;Greece;Greece;DATA EXPIRED;Greek;Greek, English;Greece;Female;DATA EXPIRED
60f69da649e8c3c25f16c89f;5c65838adbd7460001466166;APPROVED;2021-07-20 10:02:04.848000;2021-07-20 10:33:36.200000;1.891.352;36;144;0;100;2021-07-20 13:17:39.799000;51867BAD;Hungary;Hungary;DATA EXPIRED;Hungarian;English, Hungarian;DATA EXPIRED;Female;DATA EXPIRED
60f69c190598b0a8c233cf87;5c6bc7c41373290001be096a;APPROVED;2021-07-20 09:49:15.635000;2021-07-20 10:25:46.683000;2.191.048;25;31;0;100;2021-07-20 13:18:32.543000;51867BAD;Greece;Greece;DATA EXPIRED;Greek;English, Greek;Greece;Male;Yes
60f69c58415555442de0868e;5c71a74980a99f0001c63358;APPROVED;2021-07-20 09:50:19.043000;2021-07-20 10:21:42.386000;1.883.343;59;423;1;100;2021-07-20 13:19:16.847000;51867BAD;United Kingdom;United Kingdom;Not in paid work (e.g. homemaker', 'retired or disabled);English;English;United Kingdom;Female;No
60f59146cb5ba487e1f31bf8;5c9d4168368fa2001578c7a6;APPROVED;2021-07-19 14:50:46.906000;2021-07-19 15:26:29.181000;2.142.275;31;139;0;100;2021-07-20 08:12:50.494000;51867BAD;Latvia;Latvia;Full-Time;Latvian;English, Russian, Latvian;Latvia;Male;No
60f69cdee71395458c1f34ec;5ca0aae22fd4860001a4d560;APPROVED;2021-07-20 09:52:30.043000;2021-07-20 10:24:25.538000;1.915.495;22;78;0;100;2021-07-20 13:20:07.408000;51867BAD;Poland;Poland;Unemployed (and job seeking);Polish;Polish, English;Poland;Male;No
60f58fbb5fb2a4f18a61b797;5cab5929291df900165c1ff9;APPROVED;2021-07-19 14:44:13.155000;2021-07-19 15:20:25.019000;2.171.864;20;138;1;100;2021-07-20 08:13:35.362000;51867BAD;Poland;Poland;DATA EXPIRED;Polish;Polish, English;Poland;Male;DATA EXPIRED
60f6a6f273ee78eab0c39def;5ccf022bafa2f60018c2e9bc;APPROVED;2021-07-20 10:35:30.837000;2021-07-20 11:14:39.054000;2.348.217;25;48;0;100;2021-07-20 13:20:55.998000;51867BAD;Italy;Italy;Other;Italian;Italian, English;Italy;Male;Yes
60f6f532bc1c3a96e64316ed;5cd1bdedf2156c00013b0152;APPROVED;2021-07-20 16:09:22.419000;2021-07-20 17:12:45.935000;3.803.516;26;231;3;99;2021-07-20 17:36:14.104000;51867BAD;Spain;Spain;Full-Time;Spanish;Spanish, English;Spain;Male;No
60f6a6fe6a29bfb1b5a778d8;5cd30b2041a6b8001874c41f;APPROVED;2021-07-20 10:35:42.920000;2021-07-20 11:05:44.081000;1.801.161;26;303;1;100;2021-07-20 13:21:39.934000;51867BAD;Greece;Greece;Full-Time;Greek;English, Greek;Greece;Female;No
60f5927a312c6ce3069ff6da;5ce9761ed439ae001a596488;APPROVED;2021-07-19 14:56:04.181000;2021-07-19 15:23:32.762000;1.648.581;29;237;2;100;2021-07-20 08:14:36.364000;51867BAD;Nepal;United Kingdom;DATA EXPIRED;English;English;United Kingdom;Male;DATA EXPIRED
60f6a89b00fab9d1177eef4a;5cf5112194c4460019cd522b;APPROVED;2021-07-20 10:45:04.855000;2021-07-20 11:13:38.375000;1713.52;20;22;0;100;2021-07-20 13:22:21.662000;51867BAD;Poland;Poland;Other;Polish;German, English, Polish;Poland;Female;Yes
60f69d28ca1a53e3c4d703f9;5cff864ef87a0100019495c9;APPROVED;2021-07-20 09:53:49.185000;2021-07-20 10:30:35.165000;2205.98;40;206;1;100;2021-07-20 13:23:01.514000;51867BAD;United Kingdom;United Kingdom;Full-Time;English;English;United Kingdom;Female;Yes
60f6a6bf44936587611a7f9e;5d135a82a9325400152a1831;APPROVED;2021-07-20 10:34:39.806000;2021-07-20 11:10:03.039000;2.123.233;28;96;3;98;2021-07-20 13:24:19.444000;51867BAD;Spain;Netherlands;Due to start a new job within the next month;Catalan;Catalan, Spanish, English;Spain;Male;No
60f6a70b6b058cec05dc5d8b;5d21f63e4c6155001b9199e1;APPROVED;2021-07-20 10:35:55.404000;2021-07-20 11:03:21.269000;1.645.865;20;211;3;99;2021-07-20 13:25:25.514000;51867BAD;Portugal;Portugal;Not in paid work (e.g. homemaker', 'retired or disabled);Portuguese;Portuguese, English;Portugal;Female;Yes
60f58fd8d90e8a34fa4ca55e;5d284b5740e9f20016b29459;APPROVED;2021-07-19 14:45:01.500000;2021-07-19 15:10:09.144000;1.507.644;21;75;2;98;2021-07-20 08:15:33.615000;51867BAD;Estonia;Estonia;DATA EXPIRED;Estonian;Estonian, English;Estonia;Female;DATA EXPIRED
60f6b3d402cb9ef088a4a491;5d2d98a9a0d896001a5d6e4f;APPROVED;2021-07-20 11:30:28.763000;2021-07-20 12:08:12.126000;2.263.363;34;48;0;100;2021-07-20 13:30:19.244000;51867BAD;Slovenia;Slovenia;Other;Slovenian;Slovenian, English;Slovenia;Female;Yes
60f6a6fc90972a45796c8bc2;5d5587473250c6000159506c;APPROVED;2021-07-20 10:35:48.537000;2021-07-20 11:06:25.080000;1.836.543;22;223;0;100;2021-07-20 13:31:06.634000;51867BAD;Spain;Spain;Unemployed (and job seeking);Spanish;English, Catalan, Spanish;Spain;Female;Yes
60f6a6dd7e7a972cd4e3b2ee;5d6c12352e6bbb001a122cef;APPROVED;2021-07-20 10:35:09.984000;2021-07-20 11:06:31.140000;1.881.156;24;253;1;100;2021-07-20 13:31:47.829000;51867BAD;Greece;Greece;Unemployed (and job seeking);Greek;English, Greek;Greece;Female;Yes
60f6a6c897e67c882496dffa;5da03c3607c83700140a3d8f;APPROVED;2021-07-20 10:34:49.954000;2021-07-20 11:01:39.752000;1.609.798;29;206;0;100;2021-07-20 13:32:48.534000;51867BAD;Portugal;Portugal;Full-Time;Portuguese;English, Portuguese, Spanish;Portugal;Female;No
60f6a6eba79bf0e3f72e00c2;5da8912f5a994b001650f01f;APPROVED;2021-07-20 10:35:47.447000;2021-07-20 11:10:03.290000;2.055.843;39;208;0;100;2021-07-20 13:35:06.447000;51867BAD;Portugal;Portugal;Full-Time;Portuguese;English, Portuguese, Spanish, French;Portugal;Male;No
60f6a7648de68ab35c4dc489;5decb11b9b8f2437f63f1d8b;APPROVED;2021-07-20 10:38:15.150000;2021-07-20 11:10:42.106000;1.946.956;31;186;0;100;2021-07-20 13:40:34.214000;51867BAD;Serbia;Hungary;Full-Time;Serbian;Croatian, Hungarian, Serbian, English;Hungary;Male;No
60f6a6d0a5eb1b5ebfea7d3a;5e0e396901423f58bf9f6684;APPROVED;2021-07-20 10:34:56.972000;2021-07-20 11:09:42.827000;2.085.855;28;165;2;100;2021-07-20 13:41:21.644000;51867BAD;Greece;Greece;Part-Time;Greek;French, Greek, English;Greece;Male;Yes
60f6be4fd0d1ea04a9cb1fe7;5e285183476bdb000a1a7986;APPROVED;2021-07-20 12:15:13.032000;2021-07-20 12:45:09.299000;1.796.267;30;191;2;100;2021-07-20 13:42:17.574000;51867BAD;France;Spain;Full-Time;French;Spanish, French, English;France;Male;No
60f6a6deb771af8ef9ec12ad;5e2d08e41f0add31f6221c2b;APPROVED;2021-07-20 10:35:10.142000;2021-07-20 11:08:52.268000;2.022.126;25;159;0;100;2021-07-20 13:42:59.503000;51867BAD;Portugal;Portugal;Full-Time;Portuguese;English, Portuguese;Portugal;Female;Yes
60f6a70d6031bd99d837e8b2;5e2ef20b9e151c4b3e710fed;APPROVED;2021-07-20 10:35:57.517000;2021-07-20 11:01:39.036000;1.541.519;24;167;1;100;2021-07-20 13:43:54.844000;51867BAD;Poland;Poland;Part-Time;Polish;English, Polish;Poland;Male;Yes
60f6986f8962832a8c3953ab;5e453876587c06000cec7587;APPROVED;2021-07-20 09:33:39.953000;2021-07-20 10:01:21.966000;1.662.013;35;16;0;100;2021-07-20 13:46:32.036000;51867BAD;Latvia;Latvia;DATA EXPIRED;Latvian;Russian, Latvian, German, English;Latvia;Male;DATA EXPIRED
60f69c12fc1714ae94d09e04;5e6800b21e7c82000b6d26f4;APPROVED;2021-07-20 09:49:11.251000;2021-07-20 10:23:04.569000;2.033.318;25;19;0;100;2021-07-20 13:47:55.832000;51867BAD;Finland;Finland;DATA EXPIRED;Swedish;English, Finnish, Swedish;Finland;Female;DATA EXPIRED
60f6be50947eaa8f2a5e0d76;5e68a655dfa1b714311fc76c;APPROVED;2021-07-20 12:15:15.551000;2021-07-20 12:41:22.106000;1.566.555;23;216;1;100;2021-07-20 13:49:03.548000;51867BAD;Portugal;Portugal;Full-Time;Portuguese;Portuguese, English;Portugal;Male;Yes
60f6a6f6596644a33d095fb3;5e70c8ae4a860a0008edf420;APPROVED;2021-07-20 10:35:34.505000;2021-07-20 10:59:21.998000;1.427.493;22;134;0;100;2021-07-20 13:49:47.315000;51867BAD;Portugal;Portugal;Other;Portuguese;English, Portuguese;Portugal;Female;Yes
60f69bddf17affd9e836a762;5e7fc2473c757f6a259e293c;APPROVED;2021-07-20 09:48:19.258000;2021-07-20 10:20:06.346000;1.907.088;21;77;1;100;2021-07-20 13:52:35.498000;51867BAD;Spain;Spain;DATA EXPIRED;Spanish;Spanish, English;Spain;Male;Yes
60f6a9b37bc7a76f778e9e95;5e81cd3de28dab8c8a5e3dda;APPROVED;2021-07-20 10:47:34.780000;2021-07-20 11:22:52.181000;2.117.401;22;169;3;99;2021-07-20 13:53:19.185000;51867BAD;Portugal;Portugal;Other;Portuguese;English, Spanish;Portugal;Female;Yes
60f69de18d9323ce7561dd0b;5e8c626158544f023c96a50e;APPROVED;2021-07-20 09:56:49.661000;2021-07-20 10:22:15.687000;1.526.026;23;160;1;100;2021-07-20 13:55:28.945000;51867BAD;Italy;Italy;DATA EXPIRED;Italian;Italian, English;Italy;Female;DATA EXPIRED
60f58c155bd735b93c0d49d3;5e8e492e91dc971030ea50e2;APPROVED;2021-07-19 14:28:37.304000;2021-07-19 15:28:26.164000;3588.86;21;78;0;100;2021-07-20 08:17:02.218000;51867BAD;Poland;Poland;Full-Time;Polish;Polish, English;Poland;Female;DATA EXPIRED
60f6a6faf9be19a6a52e6ed8;5e9dd5c7a311c013113137ba;APPROVED;2021-07-20 10:37:41.329000;2021-07-20 11:13:07.274000;2.125.945;21;70;0;100;2021-07-20 13:56:48.773000;51867BAD;Hungary;Germany;Unemployed (and job seeking);Hungarian;Hungarian, English;Hungary;Female;Yes
60f6a6f3559e50f6bb6150b8;5eaaec78a563dc0724c63b98;APPROVED;2021-07-20 10:35:31.880000;2021-07-20 11:02:35.151000;1.623.271;32;107;2;100;2021-07-20 13:58:16.711000;51867BAD;Greece;Greece;Full-Time;Greek;English, Greek, Italian;Greece;Male;Yes
60f69d56d315519cd3c19d37;5eb1c693b7c2712f369d0d95;APPROVED;2021-07-20 09:55:13.444000;2021-07-20 10:27:51.604000;1958.16;20;50;0;100;2021-07-20 13:59:13.961000;51867BAD;Estonia;Estonia;Unemployed (and job seeking);Estonian;English, Estonian;Estonia;Male;Yes
60f69ebdccc4ab57007659be;5eb1d6161161e61340421866;APPROVED;2021-07-20 10:00:39.997000;2021-07-20 10:30:37.200000;1.797.203;58;39;1;100;2021-07-20 13:59:55.898000;51867BAD;Portugal;Portugal;DATA EXPIRED;Portuguese;Portuguese, English;Portugal;Female;DATA EXPIRED
60f6a6c0cba5d8bc0fbc57f8;5ebacfd02866ba04c73b14c7;APPROVED;2021-07-20 10:34:40.680000;2021-07-20 11:14:47.243000;2.406.563;26;34;0;100;2021-07-20 14:00:34.566000;51867BAD;Italy;Italy;Other;Italian;English, Italian, Japanese;Italy;Female;Yes
60f6a6d750fe7a9c244836ee;5ebc5813549f70077ad68d73;APPROVED;2021-07-20 10:35:03.923000;2021-07-20 11:02:45.521000;1.661.598;19;53;0;100;2021-07-20 14:01:18.753000;51867BAD;Portugal;Portugal;Not in paid work (e.g. homemaker', 'retired or disabled);Portuguese;Portuguese, English;Portugal;Male;Yes
60f69d11aa5f9500c91d4bea;5ec3a1a6e0ceef2078de1799;APPROVED;2021-07-20 09:53:21.453000;2021-07-20 10:23:51.037000;1.829.584;39;140;0;100;2021-07-20 14:07:59.464000;51867BAD;Portugal;Portugal;Other;Portuguese;English, Portuguese;Portugal;Male;DATA EXPIRED
60f6a6c850fe7a9c244836e9;5ecfa3e67fd043000aee9fb4;APPROVED;2021-07-20 10:34:48.703000;2021-07-20 11:01:44.511000;1.615.808;19;116;0;100;2021-07-20 14:09:06.908000;51867BAD;Poland;Poland;Full-Time;Polish;English, Polish;Poland;Male;Yes
60f69ba21b728e833ce65f49;5ed11a6ce227c802a109311c;APPROVED;2021-07-20 09:47:14.639000;2021-07-20 10:55:15.104000;4.080.465;43;80;2;98;2021-07-20 14:10:27.134000;51867BAD;Belgium;Belgium;DATA EXPIRED;French;English, French, Dutch, Farsi;Belgium;Male;DATA EXPIRED
60f6a6e15c46c5113b1cdafb;5ed259838cd1b21bd2119ef0;APPROVED;2021-07-20 10:35:13.344000;2021-07-20 11:23:50.907000;2.917.563;24;171;1;100;2021-07-20 14:11:08.063000;51867BAD;Greece;Switzerland;Due to start a new job within the next month;Greek;Greek, English, French;Greece;Female;Yes
60f697cf9013303f8f401d64;5edf9394395f862684578ea4;APPROVED;2021-07-20 09:30:59.419000;2021-07-20 10:23:15.403000;3.135.984;38;139;3;99;2021-07-20 14:11:58.186000;51867BAD;Portugal;Portugal;Full-Time;Portuguese;English, Portuguese;Portugal;Female;No
60f6a6f8cb4f1f0519aa2272;5ee4b4715b6d9101d65ffc89;APPROVED;2021-07-20 10:35:38.927000;2021-07-20 11:03:07.066000;1.648.139;21;77;1;100;2021-07-20 14:12:52.629000;51867BAD;Portugal;Portugal;Other;Portuguese;English, Portuguese, Spanish;Portugal;Male;DATA EXPIRED
60f6a7a852a7f5e1323ef6ca;5ee6447c197e37397dabd845;APPROVED;2021-07-20 10:42:09.798000;2021-07-20 11:19:10.570000;2.220.772;28;149;3;99;2021-07-20 14:13:45.798000;51867BAD;Spain;Spain;Unemployed (and job seeking);Spanish;Spanish, English;Spain;Male;Yes
60f6a6d022ff0e5496486e64;5ee69051cbcb070694442b70;APPROVED;2021-07-20 10:34:56.509000;2021-07-20 12:01:42.804000;5.206.295;26;144;0;100;2021-07-20 14:14:36.605000;51867BAD;Italy;Italy;Other;Italian;English, Italian;Italy;Male;DATA EXPIRED
60f6a6e38b33c5b49fe95879;5eeb8ccf11363a0c145d40c8;APPROVED;2021-07-20 10:35:15.244000;2021-07-20 11:05:21.686000;1.806.442;28;99;0;100;2021-07-20 14:16:34.664000;51867BAD;Poland;Poland;DATA EXPIRED;Polish;English, Polish;Poland;Male;DATA EXPIRED
60f6a6e9b0cef2b1b9120147;5ef3c2c323120d16f3535e74;APPROVED;2021-07-20 10:35:21.655000;2021-07-20 11:04:56.678000;1.775.023;30;159;1;100;2021-07-20 14:19:47.715000;51867BAD;Italy;Italy;DATA EXPIRED;Italian;Italian, French, English;Italy;Female;No
60f6a6cf43312fecb2d79056;5ef4e8877faaa00e59f23555;APPROVED;2021-07-20 10:34:55.225000;2021-07-20 11:08:23.545000;2008.32;22;62;0;100;2021-07-20 14:20:42.965000;51867BAD;Poland;Poland;Other;Polish;English, Polish;Poland;Male;Yes
60f6b3d39d09c9eb6bde5230;5efb3af66ad15505ab305718;APPROVED;2021-07-20 11:30:27.671000;2021-07-20 11:57:11.439000;1.603.768;19;150;1;100;2021-07-20 14:23:28.721000;51867BAD;Portugal;Portugal;Other;Portuguese;English, Portuguese;Portugal;Male;Yes
60f6a7ceeb746be6f9fbe546;5efd8bbe8f20d51cd2ab9327;APPROVED;2021-07-20 10:39:13.643000;2021-07-20 11:09:45.276000;1.831.633;19;103;1;99;2021-07-20 14:24:03.801000;51867BAD;Poland;Poland;Part-Time;Polish;English, Polish;Poland;Female;Yes
60f6a6ff6a29bfb1b5a778d9;5efdf8ccefaeac0a69c051f3;APPROVED;2021-07-20 10:35:43.040000;2021-07-20 11:08:36.010000;1972.97;36;87;2;99;2021-07-20 14:25:03.346000;51867BAD;Greece;Greece;Part-Time;Greek;English, Greek;Greece;Male;No
60f6a6b57c2810d49c6a684f;5efe595eced436365993926b;APPROVED;2021-07-20 10:34:32.743000;2021-07-20 11:03:45.351000;1.752.608;23;12;0;100;2021-07-20 14:25:42.302000;51867BAD;Poland;Poland;Due to start a new job within the next month;Polish;English, Polish;Poland;Male;Yes
60f58ecfed0109247128b049;5f0f5a88a751ba0f5f47fe31;APPROVED;2021-07-19 14:40:15.660000;2021-07-19 14:40:24.157000;8.497;19;181;1;100;2021-07-20 08:17:44.661000;8BC0E20F;Ireland;Ireland;DATA EXPIRED;English;English, Gaelic;Ireland;Male;Yes
60f68f2c95fbd46654aa07f4;5f105271a8af7c163ce00e14;APPROVED;2021-07-20 08:54:05.365000;2021-07-20 09:22:58.586000;1.733.221;19;25;0;100;2021-07-20 14:26:29.980000;51867BAD;China;United Kingdom;DATA EXPIRED;English;English;United Kingdom;Female;DATA EXPIRED
60f69ec37e5c18e5480c5b72;5f1191e8b8e92c0129a26f96;APPROVED;2021-07-20 10:00:43.761000;2021-07-20 10:31:25.090000;1.841.329;21;28;0;100;2021-07-20 14:27:20.136000;51867BAD;Poland;Poland;Full-Time;DATA EXPIRED;English, Polish;Poland;Female;Yes
60f6908203455d5c0af7cd99;5f1559cf6daab40120b1634e;APPROVED;2021-07-20 09:00:00.713000;2021-07-20 09:28:39.382000;1.718.669;22;48;0;100;2021-07-20 14:28:06.606000;51867BAD;Spain;Spain;Unemployed (and job seeking);Spanish;English, French, Spanish;Spain;Female;Yes
60f6a6da90972a45796c8bc0;5f16dd98d5816400089a1cb5;APPROVED;2021-07-20 10:35:10.482000;2021-07-20 11:10:00.144000;2.089.662;52;125;1;100;2021-07-20 14:28:46.628000;51867BAD;Portugal;Portugal;Unemployed (and job seeking);Portuguese;English, Portuguese, Spanish;Portugal;Male;No
60f590237ce22ac4ad01d978;5f1b12b1312e282b013218b2;APPROVED;2021-07-19 14:45:55.515000;2021-07-19 15:18:08.680000;1.933.165;24;55;0;100;2021-07-20 08:18:37.794000;51867BAD;Poland;Poland;Unemployed (and job seeking);Polish;Polish, English, German;Poland;Male;No
60f6a6c7baddcf7b2772bd58;5f1f52f09c3159141e330cbe;APPROVED;2021-07-20 10:35:30.291000;2021-07-20 11:01:41.199000;1.570.908;45;50;0;100;2021-07-20 14:30:14.547000;51867BAD;Greece;Greece;Full-Time;Greek;English, Greek;Greece;Male;No
60f5ae54e26e098332714e6a;5f1fa3ea0a82d11cc6c47b65;APPROVED;2021-07-19 16:54:44.276000;2021-07-19 17:29:16.569000;2.072.293;19;122;0;100;2021-07-20 08:19:18.359000;51867BAD;Poland;Poland;Unemployed (and job seeking);Polish;English, Polish;Poland;Female;Yes
60f69d8916dc185fac53085f;5f243becb7bc1f00080bc2a9;APPROVED;2021-07-20 09:55:21.184000;2021-07-20 10:21:39.378000;1.578.194;34;119;0;100;2021-07-20 14:31:13.474000;51867BAD;Slovenia;Slovenia;DATA EXPIRED;Slovenian;Slovenian, English;Slovenia;Male;DATA EXPIRED
60f6a6da75f9b3e129f4e244;5f28a0b984cfc61f36d4d957;APPROVED;2021-07-20 10:39:11.140000;2021-07-20 11:14:37.591000;2.126.451;24;48;0;100;2021-07-20 14:32:02.532000;51867BAD;Switzerland;Portugal;Due to start a new job within the next month;Portuguese;English, Portuguese;Portugal;Female;Yes
60f589e87955b3072f858bf5;5f28fe5de9735523a46857d1;APPROVED;2021-07-19 14:19:23.869000;2021-07-19 14:58:00.877000;2.317.008;39;49;1;100;2021-07-20 08:20:28.518000;51867BAD;Poland;Poland;Full-Time;Polish;English, Polish;Poland;Female;Yes
60f69954858fe978e493a99c;5f32c3e05ea32f045de06491;APPROVED;2021-07-20 09:37:27.282000;2021-07-20 10:04:34.040000;1.626.758;27;73;0;100;2021-07-20 14:33:06.842000;51867BAD;United Kingdom;United Kingdom;Not in paid work (e.g. homemaker', 'retired or disabled);English;English;United Kingdom;Female;Yes
60f6936d13c3fd69181099a1;5f37e8722fd48928dcfb96a9;APPROVED;2021-07-20 09:12:13.345000;2021-07-20 09:39:30.893000;1.637.548;20;80;1;100;2021-07-20 14:34:03.820000;51867BAD;Japan;Poland;Other;Polish;English, Japanese, Polish, Russian;Poland;Male;Yes
60f6904d7eb6896949f1c97a;5f3efd5c620e851cfb6968be;APPROVED;2021-07-20 08:58:53.592000;2021-07-20 09:25:48.995000;1.615.403;21;49;0;100;2021-07-20 14:34:40.998000;51867BAD;Poland;Poland;Full-Time;Polish;Polish, English;Poland;Male;Yes
60f6a6b62872df7d535b4a9d;5f468185fdf3cf046a287a2d;APPROVED;2021-07-20 10:34:30.215000;2021-07-20 11:08:23.598000;2.033.383;19;79;1;100;2021-07-20 14:35:32.702000;51867BAD;Poland;Poland;Other;Polish;English, Polish, French;Poland;Male;Yes
60f695585b0f2eff35c31936;5f5bcddf6352f037a52239f2;APPROVED;2021-07-20 09:21:05.937000;2021-07-20 09:59:19.019000;2.293.082;43;33;0;100;2021-07-20 14:37:13.916000;51867BAD;Venezuela, Bolivarian Republic of;Spain;DATA EXPIRED;Spanish;English, Spanish;Spain;Female;DATA EXPIRED
60f6a6f04a5bbad0f37ebd6b;5f5e2b126352f0691ad71e33;APPROVED;2021-07-20 10:35:28.124000;2021-07-20 11:46:10.328000;4.242.204;20;115;0;100;2021-07-20 14:38:07.593000;51867BAD;Italy;Italy;Unemployed (and job seeking);Italian;Italian, English;Italy;Male;Yes
60f69bba512ea521e7d7aa52;5f625b3986ac2529e787517f;APPROVED;2021-07-20 09:57:04.025000;2021-07-20 10:28:25.867000;1.881.842;41;47;0;100;2021-07-20 14:38:52.763000;51867BAD;Czech Republic;Czech Republic;Full-Time;Czech;Czech, English;Czech Republic;Male;No
60f6a6e1ef50ee09824aab86;5f6cdf7bc061431080ba1040;APPROVED;2021-07-20 10:35:13.006000;2021-07-20 11:02:25.493000;1.632.487;19;109;0;100;2021-07-20 14:39:25.615000;51867BAD;Czech Republic;Czech Republic;Other;Czech;Czech, English;Czech Republic;Male;Yes
60f69cd9b422c4bea43abdba;5f6e43703c9b10356959ec6c;APPROVED;2021-07-20 09:52:27.198000;2021-07-20 10:30:34.094000;2.286.896;39;87;0;100;2021-07-20 14:40:26.675000;51867BAD;Vietnam;Portugal;DATA EXPIRED;Vietnamese;English, Vietnamese, Rather not say;Vietnam;Female;DATA EXPIRED
60f6a6deb0cef2b1b9120146;5f6f611965c55c4d88995234;APPROVED;2021-07-20 10:35:10.910000;2021-07-20 11:12:22.385000;2.231.475;41;81;1;100;2021-07-20 14:41:32.341000;51867BAD;Slovenia;Slovenia;DATA EXPIRED;Slovenian;Croatian, German, English, Serbian, Slovenian;Slovenia;Male;DATA EXPIRED
60f58fd82f694312a338a93b;5f7368d243984b07c2223568;APPROVED;2021-07-19 14:44:47.836000;2021-07-19 15:09:55.941000;1.508.105;21;89;0;100;2021-07-20 08:21:03.407000;51867BAD;Portugal;Portugal;Other;Portuguese;Portuguese, English;Portugal;Male;Yes
60f6a6c3474b14c59aa10c23;5f7b2ba3700c320760772a8e;APPROVED;2021-07-20 10:34:43.431000;2021-07-20 11:33:52.060000;3.548.629;23;32;0;100;2021-07-20 14:42:24.568000;51867BAD;Portugal;Portugal;Unemployed (and job seeking);Portuguese;Portuguese, English;Portugal;Male;No
60f6a70e5765fcc7399cf501;5f830f1644cc14447b03305c;APPROVED;2021-07-20 10:36:23.383000;2021-07-20 11:08:01.350000;1.897.967;20;86;0;100;2021-07-20 14:43:01.319000;51867BAD;Poland;Poland;Not in paid work (e.g. homemaker', 'retired or disabled);Polish;Polish, English, Russian;Poland;Female;Yes
60f69dae8913075c13b111c8;5f92e67c3cc3b10407327c19;APPROVED;2021-07-20 09:55:58.425000;2021-07-20 10:32:56.503000;2.218.078;24;93;0;100;2021-07-20 14:43:45.684000;51867BAD;Portugal;Portugal;DATA EXPIRED;Portuguese;Portuguese, English;Portugal;Female;DATA EXPIRED
60f6a99a9ff997b47d8b0429;5f932ac4ef581b0d9d1605b3;APPROVED;2021-07-20 10:47:03.419000;2021-07-20 11:13:30.943000;1.587.524;19;123;3;98;2021-07-20 14:44:26.243000;51867BAD;Ukraine;Czech Republic;Part-Time;Czech;Czech, English, Russian;Czech Republic;Male;Yes
60f6a838f2e71e101f81abe5;5f9aa9519663011dd91fb37b;APPROVED;2021-07-20 10:41:59.973000;2021-07-20 11:27:59.220000;2.759.247;35;93;0;100;2021-07-20 14:45:05.610000;51867BAD;Argentina;Spain;DATA EXPIRED;Spanish;Spanish, English;Spain;Female;DATA EXPIRED
60f58e6104608db07b2f5bf8;5fa3210b4af86b5dd1b57153;APPROVED;2021-07-19 14:38:25.067000;2021-07-19 15:06:42.821000;1.697.754;25;72;0;100;2021-07-20 08:21:38.869000;51867BAD;Poland;Poland;DATA EXPIRED;Polish;Polish, English, German, French;Poland;Female;DATA EXPIRED
60f6a6f346a7b13a91db586f;5fa5b2f859cd8711ad096b6d;APPROVED;2021-07-20 10:35:31.350000;2021-07-20 11:01:00.966000;1.529.616;25;114;1;100;2021-07-20 14:46:14.196000;51867BAD;Greece;Greece;Due to start a new job within the next month;Greek;Greek, English;Greece;Male;No
60f6a88f1071c9e9270fb8a2;5fa6bd5087c4d53285fd8a53;APPROVED;2021-07-20 10:42:23.002000;2021-07-20 11:09:44.783000;1.641.781;22;92;2;99;2021-07-20 14:46:59.667000;51867BAD;Poland;Poland;Other;Polish;Polish, English;Poland;Male;Yes
60f6a6d4690d49a685d2d5c5;5fad9cb5460126158bf715f8;APPROVED;2021-07-20 10:35:00.808000;2021-07-20 11:02:58.872000;1.678.064;23;112;1;100;2021-07-20 14:47:39.394000;51867BAD;Poland;Poland;Full-Time;Polish;English, Polish;Poland;Female;Yes
60f6a7c5731a35a8e497c47d;5fade2a3b7a899209e1265d8;APPROVED;2021-07-20 10:39:07.589000;2021-07-20 11:05:41.559000;1593.97;21;78;1;99;2021-07-20 14:48:17.762000;51867BAD;Poland;Poland;Part-Time;Polish;Spanish, Polish, English;Poland;Male;Yes
60f6a6d4f9be19a6a52e6ed5;5fb1342e08e942585248e2fc;APPROVED;2021-07-20 10:35:00.297000;2021-07-20 11:14:01.779000;2.341.482;18;65;2;99;2021-07-20 14:48:56.807000;51867BAD;Portugal;Portugal;Unemployed (and job seeking);Portuguese;English, German, Portuguese;Portugal;Female;No
60f6a6b8554f91de394dec06;5fb158cc38ecb85d030d937d;APPROVED;2021-07-20 10:34:32.910000;2021-07-20 11:02:08.724000;1.655.814;30;18;0;100;2021-07-20 14:49:36.270000;51867BAD;Sweden;Sweden;DATA EXPIRED;Swedish;Swedish, English;Sweden;Male;DATA EXPIRED
60f693d9aafd20f4d08a390e;5fb5393217dfb80009621b89;APPROVED;2021-07-20 09:18:48.421000;2021-07-20 09:48:35.505000;1.787.084;19;64;0;100;2021-07-20 14:50:17.389000;51867BAD;Poland;Poland;Due to start a new job within the next month;Polish;Polish, English, German;Poland;Female;Yes
60f6a6f85b256c48c7b7ebdf;5fb7cfde7808523cea8ee891;APPROVED;2021-07-20 10:35:38.447000;2021-07-20 11:01:04.788000;1.526.341;21;70;2;99;2021-07-20 14:51:03.538000;51867BAD;Poland;Poland;Unemployed (and job seeking);Polish;English, Polish;Poland;Male;Yes
60f6a6e522a009b77e8fd5c1;5fbd2977679a7e08dbf5aec1;APPROVED;2021-07-20 10:35:17.366000;2021-07-20 11:09:22.643000;2.045.277;23;78;0;100;2021-07-20 14:51:47.004000;51867BAD;Portugal;Portugal;DATA EXPIRED;Portuguese;English, Portuguese;Portugal;Male;DATA EXPIRED
60f69ba67119a48505e196f7;5fbea04315b8cb0597ec2109;APPROVED;2021-07-20 09:47:26.024000;2021-07-20 10:14:14.498000;1.608.474;24;72;0;100;2021-07-20 14:53:06.664000;51867BAD;Poland;Poland;DATA EXPIRED;Polish;Polish, English;Poland;Female;DATA EXPIRED
60f69b2c149ba6513285e413;5fe0a0d41d6cb49f5177f268;APPROVED;2021-07-20 09:45:15.993000;2021-07-20 10:48:21.342000;3.785.349;19;74;1;100;2021-07-20 14:55:22.100000;NOCODE;Poland;Poland;DATA EXPIRED;Polish;English, Polish;Poland;Male;DATA EXPIRED
60f6a6d805e4f6cfd33ceea5;5fe0c1e530cadf240a9fbeb8;APPROVED;2021-07-20 10:35:04.106000;2021-07-20 11:14:59.631000;2.395.525;23;84;0;100;2021-07-20 14:56:36.223000;51867BAD;Portugal;Portugal;Full-Time;Portuguese;English, Portuguese;Portugal;Female;No
60f6a6b822a009b77e8fd5b8;5fe397905474cd069a8c357d;APPROVED;2021-07-20 10:34:34.731000;2021-07-20 11:04:21.330000;1.786.599;49;34;1;99;2021-07-20 14:58:43.190000;51867BAD;Russian Federation;Spain;Unemployed (and job seeking);Russian;Russian, Spanish, English;Spain;Female;DATA EXPIRED
60f6947a5ef0d2b53004dc6b;5ff82cba08876e571a0e3038;APPROVED;2021-07-20 09:16:52.179000;2021-07-20 09:47:11.132000;1.818.953;21;25;0;100;2021-07-20 14:59:49.148000;51867BAD;Poland;Poland;Full-Time;Polish;English, Polish;Poland;Female;Yes
60f58c875b1f041a4267f476;6001ddf439a36315f6a3b702;APPROVED;2021-07-19 14:30:31.293000;2021-07-19 15:00:31.404000;1.800.111;23;17;0;100;2021-07-20 08:22:10.328000;51867BAD;Ecuador;Netherlands;Unemployed (and job seeking);Spanish;English, Spanish;Spain;Male;Yes
60f6a6ccdfd9b14d1a984e12;6005d880f436527f1bb4c03a;APPROVED;2021-07-20 10:34:52.127000;2021-07-20 11:07:12.376000;1.940.249;24;55;0;100;2021-07-20 15:01:33.178000;51867BAD;Italy;Italy;Other;Italian;English, Italian;Italy;Female;Yes
60f6a6d1ccb495b297ade9ab;6009ded729d8400a50dd70e0;APPROVED;2021-07-20 10:34:57.738000;2021-07-20 11:06:02.196000;1.864.458;20;84;1;100;2021-07-20 15:02:14.745000;D1652A74;Italy;Italy;DATA EXPIRED;Italian;Italian, English;Italy;Male;Yes
60f6a6ef49497476f863c9e0;60128528323c742cb9b96310;APPROVED;2021-07-20 10:35:27.537000;2021-07-20 11:12:29.679000;2.222.142;27;53;0;100;2021-07-20 15:03:15.585000;51867BAD;Portugal;Portugal;Due to start a new job within the next month;Portuguese;Portuguese, English;Portugal;Female;Yes
60f6f532cd641394bcc8168c;60142d5718e5943b09fd9298;APPROVED;2021-07-20 16:09:22.241000;2021-07-20 16:41:20.176000;1.917.935;21;89;0;100;2021-07-20 17:37:14.606000;51867BAD;Portugal;Portugal;Other;Portuguese;English, Portuguese, Spanish;Portugal;Male;Yes
60f69838d36ea556c49e780a;6015774d7b82d9614de60afb;APPROVED;2021-07-20 09:32:40.308000;2021-07-20 10:15:11.090000;2.550.782;28;33;1;99;2021-07-20 15:08:55.385000;51867BAD;Colombia;Italy;Part-Time;Spanish;English, German, Spanish;Colombia;Male;Yes
60f6a9ae4cfb16bcef22c6e7;601d2aa3cf8c480009fc0719;APPROVED;2021-07-20 10:48:43.404000;2021-07-20 11:17:49.296000;1.745.892;20;63;0;100;2021-07-20 15:09:38.824000;51867BAD;Poland;Poland;Unemployed (and job seeking);Polish;English, Polish;Poland;Male;Yes
60f6a6b947b919331f9c706a;601d916593209b155c1a49d2;APPROVED;2021-07-20 10:34:33.263000;2021-07-20 10:59:15.622000;1.482.359;21;69;0;100;2021-07-20 15:10:18.250000;51867BAD;Poland;Poland;Unemployed (and job seeking);Polish;English, Polish;Poland;Female;Yes
60f69d9ca42b6345d351fcb8;60215dd35df8a610ca2ee17a;APPROVED;2021-07-20 09:55:44.390000;2021-07-20 10:30:39.578000;2.095.188;28;36;0;100;2021-07-20 15:10:58.853000;51867BAD;Poland;Poland;Full-Time;Polish;English, Polish;Poland;Female;No
60f5a50bb108837a51bcc5ea;6022d01342dd440987449256;APPROVED;2021-07-19 16:19:28.243000;2021-07-19 16:52:08.016000;1.959.773;18;22;0;100;2021-07-20 08:22:45.538000;51867BAD;Sweden;Sweden;Unemployed (and job seeking);Swedish;Arabic, Swedish, English, French;Sweden;Male;No
60f5923fb2e4b6d6ac1ca42a;6025c2e59366fc1be0c746b0;APPROVED;2021-07-19 14:54:55.726000;2021-07-19 15:22:56.594000;1.680.868;20;35;0;100;2021-07-20 08:23:14.722000;51867BAD;Poland;Poland;Unemployed (and job seeking);Polish;Polish, English;Poland;Male;Yes
60f699ce699cb3c11c451f7d;602aae3eaa844c11d05a2f49;APPROVED;2021-07-20 09:39:34.487000;2021-07-20 10:48:30.224000;4.135.737;19;44;0;100;2021-07-20 15:11:42.669000;51867BAD;Poland;Poland;Unemployed (and job seeking);Polish;Czech, English, French, German, Italian, Spanish, Russian, Polish;Poland;Male;Yes
60f69c95e9decc1852b7c6f5;6033af0a44b47b08f9ba6acb;APPROVED;2021-07-20 09:51:17.785000;2021-07-20 10:29:28.668000;2.290.883;19;38;0;100;2021-07-20 15:12:20.035000;51867BAD;Poland;Poland;Part-Time;Polish;Polish, English;Poland;Female;Yes
60f58dc4c8f440e6466c69ad;603b6906293b9563813177d3;APPROVED;2021-07-19 14:40:30.863000;2021-07-19 15:06:12.372000;1.541.509;23;32;0;100;2021-07-20 08:23:48.056000;51867BAD;Greece;Greece;Other;Greek;Greek, Romanian, English;Greece;Male;Yes
60f6a6f2731a35a8e497c46d;603d7ba0ecb86cc51ed2e12c;APPROVED;2021-07-20 10:35:32.613000;2021-07-20 11:10:13.334000;2.080.721;23;37;0;100;2021-07-20 15:13:02.110000;51867BAD;Portugal;Portugal;Other;Portuguese;Portuguese, English;Portugal;Female;No
60f69d7c676dabc5c586df63;6040eb0f00ed450008ca2022;APPROVED;2021-07-20 09:55:08.253000;2021-07-20 10:30:03.842000;2.095.589;23;54;0;100;2021-07-20 15:15:13.081000;51867BAD;Brazil;Portugal;Unemployed (and job seeking);Portuguese;Portuguese, English;Brazil;Female;Yes
60f6a6e823dec5bdbc9e6a5c;6054b58bd5360d888bf97637;APPROVED;2021-07-20 10:35:20.222000;2021-07-20 11:01:12.298000;1.552.076;27;49;0;100;2021-07-20 15:18:31.004000;51867BAD;Portugal;Portugal;Full-Time;Portuguese;Portuguese, English;Portugal;Male;No
60f69cccab6bbc73bc0e1e0f;605b46f12f06bd9ec2291f4a;APPROVED;2021-07-20 09:52:12.778000;2021-07-20 10:27:07.276000;2.094.498;21;29;0;100;2021-07-20 15:19:20.825000;51867BAD;Poland;Poland;Part-Time;Polish;Polish, English;Poland;Male;Yes
60f6a6f676a4ade8ce85e8c0;605f27f5dd517a60af741805;APPROVED;2021-07-20 10:35:34.035000;2021-07-20 11:05:48.806000;1.814.771;18;62;0;100;2021-07-20 15:20:59.994000;51867BAD;Portugal;Portugal;Other;Portuguese;English, Portuguese;Portugal;Female;Yes
60f6a6bb76a4ade8ce85e8bd;60621c9cf039a8453d40dd86;APPROVED;2021-07-20 10:34:50.490000;2021-07-20 11:16:06.398000;2.475.908;24;26;0;100;2021-07-20 15:21:40.544000;51867BAD;Poland;Poland;Unemployed (and job seeking);Polish;English, Polish;Poland;Male;No
60f69d56227ff30c0cf55e15;60632f4f1d55a31f47b79dfc;APPROVED;2021-07-20 09:54:30.253000;2021-07-20 10:21:50.840000;1.640.587;20;31;1;100;2021-07-20 15:22:25.283000;51867BAD;Italy;Italy;Other;Italian;Italian, English;Italy;Male;Yes
60f69b1ca2ac908afc419a31;6069b1ee82d95ab68039e071;APPROVED;2021-07-20 09:45:00.797000;2021-07-20 10:10:04.377000;1503.58;22;19;0;100;2021-07-20 15:23:04.370000;51867BAD;Italy;Italy;Other;Italian;Portuguese, Spanish, English, Italian;Italy;Male;Yes
60f69cf89957b41e0697dd24;606aec57f0e6bc3c951fdea6;APPROVED;2021-07-20 09:56:31.281000;2021-07-20 10:33:41.494000;2.230.213;26;24;0;100;2021-07-20 15:23:51.465000;51867BAD;India;France;Unemployed (and job seeking);Tamil;English;India;Male;Yes
60f6a75a7a4cb2273630dd14;606c7876280b8e6d353fc539;APPROVED;2021-07-20 10:39:07.744000;2021-07-20 11:13:15.505000;2.047.761;37;34;0;100;2021-07-20 15:24:30.671000;51867BAD;Italy;Spain;Full-Time;Italian;Italian, French, Spanish, English;Italy;Female;No
60f69cb44e81bead3bead628;606d621a43e3948a245baacd;APPROVED;2021-07-20 09:52:32.991000;2021-07-20 10:27:03.260000;2.070.269;22;36;0;100;2021-07-20 15:25:12.307000;51867BAD;Slovenia;Slovenia;Other;Slovenian;Slovenian, English, Croatian;Slovenia;Female;Yes
60f6f53260e3a31a96c072bf;607a0fe67fc31df7b0d6473f;APPROVED;2021-07-20 16:09:22.460000;2021-07-20 16:45:21.672000;2.159.212;21;32;0;100;2021-07-20 17:35:07.985000;51867BAD;Portugal;Portugal;Other;Portuguese;English, Portuguese;Portugal;Male;Yes
60f69d131b2e78204e85fbad;607bf7e637122f12ab463e17;APPROVED;2021-07-20 09:53:59.478000;2021-07-20 10:27:05.901000;1.986.423;20;28;0;100;2021-07-20 15:26:22.658000;51867BAD;Poland;Poland;Unemployed (and job seeking);Polish;English, Polish;Poland;Male;Yes
60f6a6e1bbc2e8594a0012b6;607da2d00643eb4cc09116ab;APPROVED;2021-07-20 10:35:13.859000;2021-07-20 11:05:30.774000;1.816.915;18;36;0;100;2021-07-20 15:27:33.466000;51867BAD;Portugal;Portugal;Other;Portuguese;Portuguese, English;Portugal;Male;Yes
60f6be4f8b02ec498cb6487f;6082ccca620df7ae94846c04;APPROVED;2021-07-20 12:15:11.592000;2021-07-20 12:47:55.514000;1.963.922;20;47;0;100;2021-07-20 15:28:48.679000;51867BAD;Poland;Poland;Full-Time;Polish;Polish, English;Poland;Male;Yes
60f6a6b65a81ca00b444862c;60866f8615f854acc11700cf;APPROVED;2021-07-20 10:34:30.353000;2021-07-20 11:12:32.403000;2282.05;23;38;0;100;2021-07-20 15:29:27.875000;51867BAD;Poland;Poland;Full-Time;Polish;English, Polish;Poland;Male;No
60f6a6fb46ed10a44eb810ad;608da3e8b940d2525266eea6;APPROVED;2021-07-20 10:35:39.888000;2021-07-20 11:08:37.996000;1.978.108;19;30;0;100;2021-07-20 15:30:19.084000;51867BAD;Poland;Poland;Unemployed (and job seeking);Polish;Polish, English;Poland;Male;Yes
60f6a6d876a4ade8ce85e8bf;60912620fcabaade62b5e90f;APPROVED;2021-07-20 10:35:04.040000;2021-07-20 11:07:33.030000;1948.99;20;26;0;100;2021-07-20 15:31:28.433000;D1652A74;Slovenia;Slovenia;DATA EXPIRED;Slovenian;English, German, Slovenian;Slovenia;Female;Yes
60f6f5319405bb905d701a9b;609959b59db017b59a4887ff;APPROVED;2021-07-20 16:09:21.595000;2021-07-20 16:39:39.231000;1.817.636;27;30;0;100;2021-07-20 17:39:02.361000;51867BAD;Italy;Italy;Unemployed (and job seeking);Italian;English, Italian;Italy;Male;Yes
60f69bdf82dc83fa367b8d86;609ced80d5bc67aa2085b008;APPROVED;2021-07-20 09:48:15.180000;2021-07-20 10:14:50.188000;1.595.008;27;12;1;97;2021-07-20 15:32:01.056000;51867BAD;Portugal;Portugal;Other;Portuguese;English;Portugal;Female;Yes
60f6be508452e1c0d522cdd5;609ef498ce77f4622807a36d;APPROVED;2021-07-20 12:15:16.394000;2021-07-20 12:46:45.178000;1.888.784;21;18;0;100;2021-07-20 15:32:46.855000;51867BAD;Portugal;Portugal;Other;Portuguese;Portuguese, English;Portugal;Male;Yes
60f6b3d3067f871379bbbc2e;60a12cb9954e4a6ccf67b76c;APPROVED;2021-07-20 11:30:27.853000;2021-07-20 12:08:22.062000;2.274.209;32;31;0;100;2021-07-20 15:33:25.061000;51867BAD;Portugal;Portugal;Full-Time;Portuguese;Portuguese, English;Portugal;Female;No
60f6f53081f851d9f4fce640;60a15c5599faeb7c785cd223;APPROVED;2021-07-20 16:09:20.076000;2021-07-20 16:40:40.343000;1.880.267;24;17;0;100;2021-07-20 17:39:55.953000;51867BAD;Italy;Italy;Unemployed (and job seeking);Italian;Italian, English;Italy;Male;No
60f6a6ea42d87ec2bd8dcb9f;60a2c7814644f316d321b59a;APPROVED;2021-07-20 10:35:30.704000;2021-07-20 11:08:35.688000;1.984.984;27;21;0;100;2021-07-20 15:35:04.908000;51867BAD;Portugal;Portugal;Part-Time;Portuguese;Portuguese, English, Spanish;Portugal;Female;No
60f6a700dc1aaca04897535d;60acbfb18aa7ca94afcbc669;APPROVED;2021-07-20 10:38:33.786000;2021-07-20 11:13:02.993000;2.069.207;27;28;0;100;2021-07-20 15:36:23.348000;51867BAD;Belarus;Slovenia;Full-Time;Slovenian;English, Slovenian, Russian;Slovenia;Female;Yes
60f69aec8a63310bb215f943;60b387a90f326868c1e31501;APPROVED;2021-07-20 09:44:12.386000;2021-07-20 10:18:22.126000;2049.74;19;20;0;100;2021-07-20 15:37:03.130000;51867BAD;Poland;Poland;Unemployed (and job seeking);Polish;Polish, English;Poland;Female;No
60f6a6c88698e858e359d810;60b8ed2771125e521f015f26;APPROVED;2021-07-20 10:34:48.743000;2021-07-20 11:16:59.351000;2.530.608;25;26;0;100;2021-07-20 15:38:30.768000;51867BAD;Portugal;Portugal;Other;Portuguese;English, Portuguese, Spanish;Portugal;Male;Yes
60f6a6ee7a4cb2273630dd10;60b97d2809d43ab2f0614bb9;APPROVED;2021-07-20 10:35:26.215000;2021-07-20 11:05:37.585000;1811.37;21;25;0;100;2021-07-20 15:39:26.114000;51867BAD;Portugal;Portugal;Other;Portuguese;Portuguese, English;Portugal;Male;Yes
60f6980baee337fe05819a87;60ca0fac308adc24067acbcd;APPROVED;2021-07-20 09:32:01.147000;2021-07-20 10:01:43.768000;1.782.621;21;13;0;100;2021-07-20 15:41:44.109000;51867BAD;Hungary;Hungary;Part-Time;Hungarian;English, Hungarian, German;Hungary;Male;Yes
60f6a6fe990030fe2aa1f17d;60cf2a3f64e3ce2c28a5ff40;APPROVED;2021-07-20 10:38:57.473000;2021-07-20 11:14:50.070000;2.152.597;28;21;1;99;2021-07-20 15:43:43.955000;51867BAD;Germany;Germany;DATA EXPIRED;German;English, French, German;Germany;Male;Yes
60f6a6f47bc7a76f778e9e64;60d242e7d32408e23e2ed2a4;APPROVED;2021-07-20 10:44:05.305000;2021-07-20 11:28:59.498000;2.694.193;19;21;1;100;2021-07-20 15:45:12.882000;51867BAD;Czech Republic;Czech Republic;Other;Czech;Czech, English, Slovak;Czech Republic;Female;Yes
60f6996bf2ef42d3e26f7f98;60d4da4d9d5081bcbc3fa50d;APPROVED;2021-07-20 09:37:47.513000;2021-07-20 10:09:46.564000;1.919.051;21;16;0;100;2021-07-20 15:45:58.596000;51867BAD;Japan;Greece;Unemployed (and job seeking);Greek;English, Greek;Greece;Male;Yes
60f6f531476f80426b1d75ae;60d5f605483d5fe184fcaad8;APPROVED;2021-07-20 16:09:21.833000;2021-07-20 16:46:21.852000;2.220.019;20;33;0;100;2021-07-20 17:38:11.274000;51867BAD;Poland;Poland;Part-Time;Polish;English, Polish;Poland;Male;Yes
60f6a6db2f40c8d5e9f86492;60d7918fbbedf133d30701bb;APPROVED;2021-07-20 10:35:09.330000;2021-07-20 11:05:07.175000;1.797.845;24;25;0;100;2021-07-20 15:46:48.012000;51867BAD;Spain;Spain;Unemployed (and job seeking);Spanish;English, French, Galician, Spanish;Spain;Female;Yes
60f69cf5790c145bed59d22f;60db8242567a7a822fb58296;APPROVED;2021-07-20 09:52:56.664000;2021-07-20 10:23:25.688000;1.829.024;24;26;0;100;2021-07-20 15:47:41.332000;51867BAD;Germany;Portugal;Other;Portuguese;Portuguese, English;Portugal;Female;Yes
60f69cb349a6aec069ddf7ce;60ddae117b720ce001616388;APPROVED;2021-07-20 09:51:47.323000;2021-07-20 10:20:40.781000;1.733.458;21;20;0;100;2021-07-20 15:49:24.667000;51867BAD;Portugal;Portugal;Not in paid work (e.g. homemaker', 'retired or disabled);Portuguese;English, French, Portuguese;Portugal;Male;Yes
60f69c6dc88110370eb9c097;60de11d08bb67fc2a1e19c6a;APPROVED;2021-07-20 09:50:40.976000;2021-07-20 10:22:41.663000;1.920.687;26;17;0;100;2021-07-20 15:50:13.883000;51867BAD;Jordan;United Kingdom;Other;Arabic;Arabic, English;Jordan;Female;Yes
60f6f53255ed43df844f0544;60e052e35d0658f5716b1d19;APPROVED;2021-07-20 16:09:35.312000;2021-07-20 16:38:55.782000;1760.47;22;24;0;100;2021-07-20 17:33:37.112000;51867BAD;Greece;Greece;Unemployed (and job seeking);Greek;Greek, English;Greece;Male;Yes
60f698936847d4d17bb3524a;60e46d34a32bd04bbd7e5e6f;APPROVED;2021-07-20 09:34:48.795000;2021-07-20 10:09:07.023000;2.058.228;31;20;0;100;2021-07-20 15:50:53.179000;51867BAD;Chile;Netherlands;Other;Spanish;Spanish, English;Chile;Male;Yes
60f6a96f1d13b2f46509b2b3;60e58528fd3b4ab228e956cd;APPROVED;2021-07-20 10:47:03.690000;2021-07-20 11:28:14.944000;2.471.254;25;28;0;100;2021-07-20 15:51:33.576000;51867BAD;Poland;Poland;Other;Polish;English, Polish, Russian;Poland;Female;Yes
60f69b77848e9323d267628e;60e5b1fda589e76c496c28f3;APPROVED;2021-07-20 09:46:37.195000;2021-07-20 10:17:31.757000;1.854.562;22;16;0;100;2021-07-20 15:52:11.658000;51867BAD;Italy;Italy;Due to start a new job within the next month;Italian;Italian, English;Italy;Male;No
60f69c3633a91d84f367cf75;60e6c19d94c3bb7eba3762c5;APPROVED;2021-07-20 09:50:38.790000;2021-07-20 10:22:05.355000;1.886.565;18;19;0;100;2021-07-20 15:54:13.529000;51867BAD;Estonia;Estonia;Unemployed (and job seeking);Estonian;English, Estonian;Estonia;Female;Yes
60f69d64140003c50dac8e2a;60e6c87f20319159b08321ab;APPROVED;2021-07-20 09:54:50.339000;2021-07-20 10:59:21.914000;3.871.575;25;21;0;100;2021-07-20 15:54:55.157000;51867BAD;Russian Federation;Greece;Unemployed (and job seeking);Greek;English, Greek;Greece;Male;Yes
60f6a6edbbc2e8594a0012b8;60e701d531509cad09477bb8;APPROVED;2021-07-20 10:35:25.700000;2021-07-20 11:02:41.860000;1636.16;19;21;1;99;2021-07-20 15:55:28.767000;51867BAD;Italy;Italy;DATA EXPIRED;Italian;Italian, English;Italy;Female;Yes
60f6a7a85ccfe2a0e10154d7;60e8436787de18264e199a69;APPROVED;2021-07-20 10:38:34.876000;2021-07-20 11:11:30.623000;1.975.747;33;21;0;100;2021-07-20 15:56:48.626000;51867BAD;Philippines;Germany;Full-Time;Tagalog-Filipino;English, Tagalog-Filipino;Philippines;Male;No
60f6992f37b08e54e583bde8;60eb6fa595b9d3ac216e91bc;APPROVED;2021-07-20 09:39:23.157000;2021-07-20 10:07:50.105000;1.706.948;23;22;0;100;2021-07-20 15:58:16.047000;51867BAD;Portugal;Portugal;Full-Time;Portuguese;Portuguese, English;Portugal;Male;No
60f6a72541ffac61f5356c1f;60ec578450774bee53ad08de;APPROVED;2021-07-20 10:39:40.831000;2021-07-20 11:16:44.494000;2.223.663;42;12;0;100;2021-07-20 15:58:50.336000;51867BAD;Greece;Greece;Unemployed (and job seeking);Greek;English, German, Greek;Greece;Female;No
60f6a6d7f7c55d8e4897857a;60ed917a71051ceb8ec151c9;APPROVED;2021-07-20 10:35:07.444000;2021-07-20 11:04:04.720000;1.737.276;19;15;0;100;2021-07-20 15:59:27.164000;51867BAD;Hungary;Hungary;Part-Time;Hungarian;English, Hungarian, Serbian, Italian, Croatian;Hungary;Prefer not to say;Yes
60f69dea40135beb09518926;60edaf7c3ad8a0b1f150cd30;APPROVED;2021-07-20 09:57:00.668000;2021-07-20 10:25:51.901000;1.731.233;20;11;0;100;2021-07-20 16:00:05.854000;51867BAD;Poland;Poland;Unemployed (and job seeking);Polish;English, Polish;Poland;Female;Yes
60f69d8f5b0429dc763ff1b9;60edca0c34d4d4b234db8164;APPROVED;2021-07-20 09:55:36.359000;2021-07-20 10:30:00.533000;2.064.174;22;24;0;100;2021-07-20 16:00:40.912000;51867BAD;Ireland;Ireland;Part-Time;English;English, Gaelic;Ireland;Female;No
60f6a9eddf713c5cba157256;60eebba89f75b48fc7c819a8;APPROVED;2021-07-20 10:48:16.956000;2021-07-20 11:24:08.078000;2.151.122;37;18;0;100;2021-07-20 16:01:23.355000;51867BAD;Spain;France;Full-Time;Spanish;Catalan, English, French, Spanish;Spain;Male;No
60f69a5e39c7508c11f2ab06;60eee976c85c395201e05d6c;APPROVED;2021-07-20 09:42:25.434000;2021-07-20 10:15:15.903000;1.970.469;23;16;0;100;2021-07-20 16:02:03.128000;51867BAD;Portugal;Portugal;Unemployed (and job seeking);Portuguese;Portuguese, English;Portugal;Female;Yes
60f697af66150006cfd95089;60ef42443bf50c7838c8bd73;APPROVED;2021-07-20 09:30:23.853000;2021-07-20 10:26:17.114000;3.353.261;23;17;0;100;2021-07-20 16:02:44.707000;51867BAD;Latvia;Latvia;Full-Time;Latvian;English, Latvian, Russian;Latvia;Female;No
60f69aaa407ee78c14b36c38;60ef4432df04da6821fec20a;APPROVED;2021-07-20 09:43:06.053000;2021-07-20 10:13:39.364000;1.833.311;23;13;0;100;2021-07-20 16:03:24.837000;51867BAD;Poland;Poland;Unemployed (and job seeking);Polish;Polish, English;Poland;Male;Yes
60f6a70b97e67c882496e002;60f030dca19a06db1b50d16a;APPROVED;2021-07-20 10:36:01.064000;2021-07-20 11:32:59.892000;3.418.828;19;28;0;100;2021-07-20 16:04:07.155000;51867BAD;United States;Italy;Unemployed (and job seeking);Italian;English, Italian;United States;Male;Yes
60f69a05fb73db3da03bbe5b;60f14f266cba78a393c2ae36;APPROVED;2021-07-20 09:40:23.750000;2021-07-20 10:05:59.171000;1.535.421;25;14;0;100;2021-07-20 16:05:53.669000;51867BAD;Poland;Poland;Full-Time;Polish;Polish, English;Poland;Male;No
